"User ID","активность","Сорт.","Дата изм.","id","дата","Предментые области","Уровень знаний в предметной облас"
3978,Да,500,"09.01.2024 11:55:18",313492,"09.01.2024",Информационные технологии [115753],"Я знаю специфику предметной области, могу переложить на систему, убедить клиента и реализовать [115763]"
4506,Да,500,"08.01.2024 23:58:20",313368,"08.01.2024",Информационные технологии [115753],Я знаю предметную область [115761]
3985,Да,500,"08.01.2024 20:54:11",313325,"01.02.2022",Информационные технологии [115753],"Я знаю специфику предметной области, могу переложить на систему, убедить клиента и реализовать [115763]"
1430,Да,500,"29.12.2023 12:16:12",312724,"01.09.2020",E-commerce [115751],Я знаю все особенности предметной области и могу переложить это на систему [115762]
1430,Да,500,"29.12.2023 12:16:12",312725,"01.09.2021",HR [115755],Я знаю все особенности предметной области и могу переложить это на систему [115762]
1430,Да,500,"29.12.2023 12:16:12",312727,"01.09.2018",Нефть и газ [115758],"Я знаю специфику предметной области, могу переложить на систему, убедить клиента и реализовать [115763]"
1430,Да,500,"29.12.2023 12:16:12",312728,"01.09.2018",Строительство [115760],"Я знаю специфику предметной области, могу переложить на систему, убедить клиента и реализовать [115763]"
3397,Да,500,"28.12.2023 18:36:00",312606,"09.02.2021",Строительство [115760],Я знаю предметную область [115761]
3397,Да,500,"28.12.2023 18:36:00",312607,"09.11.2022","Маркетинг, реклама, PR [115754]","Я знаю специфику предметной области, могу переложить на систему, убедить клиента и реализовать [115763]"
4594,Да,500,"28.12.2023 11:49:40",312505,"30.11.2023","Банки, лизинг [115759]",Я знаю все особенности предметной области и могу переложить это на систему [115762]
4417,Да,500,"28.12.2023 09:49:59",312466,"01.01.2015",Информационные технологии [115753],"Я знаю специфику предметной области, могу переложить на систему, убедить клиента и реализовать [115763]"
4194,Да,500,"26.12.2023 12:50:17",312145,"01.12.2023",Информационные технологии [115753],"Я знаю специфику предметной области, могу переложить на систему, убедить клиента и реализовать [115763]"
4399,Да,500,"26.12.2023 10:09:48",312096,"26.12.2023","Банки, лизинг [115759]",Я знаю предметную область [115761]
3931,Да,500,"25.12.2023 19:08:21",312000,"25.12.2006",E-commerce [115751],Я знаю все особенности предметной области и могу переложить это на систему [115762]
3868,Да,500,"20.12.2023 17:47:45",311436,"02.12.2019","Банки, лизинг [115759]",Я знаю предметную область [115761]
3398,Да,500,"20.12.2023 14:19:28",311403,"27.03.2021",Строительство [115760],Я знаю предметную область [115761]
3398,Да,500,"20.12.2023 14:19:28",311406,"16.12.2021",Информационные технологии [115753],Я знаю предметную область [115761]
3398,Да,500,"20.12.2023 14:19:28",311410,"13.07.2022","Маркетинг, реклама, PR [115754]",Я знаю предметную область [115761]
4558,Да,500,"12.12.2023 10:14:34",309289,"12.12.2023",Документооборот [115756],Я знаю предметную область [115761]
4558,Да,500,"12.12.2023 10:14:34",309290,"12.12.2023",Информационные технологии [115753],Я знаю предметную область [115761]
4559,Да,500,"11.12.2023 12:43:30",309061,"10.11.2023",Информационные технологии [115753],Я знаю предметную область [115761]
4559,Да,500,"11.12.2023 12:43:30",309062,"10.11.2023",E-commerce [115751],Я знаю предметную область [115761]
4559,Да,500,"11.12.2023 12:43:30",309063,"10.11.2023","Банки, лизинг [115759]",Я знаю предметную область [115761]
4160,Да,500,"08.12.2023 12:41:50",308891,"01.10.2022",Информационные технологии [115753],Я знаю предметную область [115761]
2743,Да,500,"28.11.2023 17:15:53",307436,"27.10.2023",Складская логистика [115748],Я знаю все особенности предметной области и могу переложить это на систему [115762]
312,Да,500,"24.11.2023 13:08:55",306943,"24.11.2023",HR [115755],Я знаю предметную область [115761]
3591,Да,500,"21.11.2023 10:32:45",306428,"21.11.2023",Информационные технологии [115753],"Я знаю специфику предметной области, могу переложить на систему, убедить клиента и реализовать [115763]"
898,Да,500,"17.11.2023 17:05:28",228602,"02.03.2020",Складская логистика [115748],Я знаю все особенности предметной области и могу переложить это на систему [115762]
898,Да,500,"17.11.2023 17:05:28",306155,"01.03.2022",Складская логистика [115748],"Я знаю специфику предметной области, могу переложить на систему, убедить клиента и реализовать [115763]"
898,Да,500,"17.11.2023 17:05:28",306156,"01.03.2023",Закупки [115752],Я знаю предметную область [115761]
4363,Да,500,"14.11.2023 13:51:04",305544,"14.11.2023",Документооборот [115756],Я знаю предметную область [115761]
4363,Да,500,"14.11.2023 13:51:04",305545,"14.11.2023",Закупки [115752],Я знаю предметную область [115761]
4363,Да,500,"14.11.2023 13:51:04",305547,"14.11.2023",Транспортная логистика [115749],Я знаю предметную область [115761]
4363,Да,500,"14.11.2023 13:51:01",305546,"14.11.2023",Транспортная логистика [115749],Я знаю предметную область [115761]
3738,Да,500,"23.10.2023 12:08:28",302383,"23.10.2023",Складская логистика [115748],Я знаю предметную область [115761]
3738,Да,500,"23.10.2023 12:08:28",302384,"23.10.2023",Документооборот [115756],Я знаю предметную область [115761]
1661,Да,500,"03.10.2023 18:44:05",299858,"03.10.2023",HR [115755],Я знаю предметную область [115761]
1661,Да,500,"03.10.2023 18:44:05",299859,"03.10.2023",Документооборот [115756],Я знаю предметную область [115761]
4492,Да,500,"18.09.2023 11:21:06",297601,"09.07.2021",Документооборот [115756],Я знаю все особенности предметной области и могу переложить это на систему [115762]
4492,Да,500,"18.09.2023 11:21:06",297602,"09.07.2021",Информационные технологии [115753],Я знаю все особенности предметной области и могу переложить это на систему [115762]
4510,Да,500,"12.09.2023 11:53:01",296730,"04.09.2023",Перевозки [115757],""
647,Да,500,"08.09.2023 15:05:55",296294,"08.09.2023",Закупки [115752],"Я знаю специфику предметной области, могу переложить на систему, убедить клиента и реализовать [115763]"
647,Да,500,"08.09.2023 15:05:55",296295,"08.09.2023","Маркетинг, реклама, PR [115754]",Я знаю предметную область [115761]
4395,Да,500,"07.09.2023 19:38:33",296073,"07.09.2023","Банки, лизинг [115759]",Я знаю все особенности предметной области и могу переложить это на систему [115762]
3512,Да,500,"01.09.2023 19:54:32",295059,"01.09.2023",E-commerce [115751],Я знаю предметную область [115761]
3512,Да,500,"01.09.2023 19:54:32",295060,"01.09.2023",HR [115755],Я знаю предметную область [115761]
3512,Да,500,"01.09.2023 19:54:32",295061,"01.09.2023",Информационные технологии [115753],Я знаю все особенности предметной области и могу переложить это на систему [115762]
3512,Да,500,"01.09.2023 19:54:32",295062,"01.09.2023","Маркетинг, реклама, PR [115754]",Я знаю предметную область [115761]
944,Да,500,"01.09.2023 18:28:07",295042,"01.09.2023",HR [115755],Я знаю предметную область [115761]
4299,Да,500,"30.08.2023 20:56:11",294669,"30.08.2023",Информационные технологии [115753],Я знаю предметную область [115761]
4341,Да,500,"30.08.2023 13:23:05",294558,"30.08.2023",Документооборот [115756],Я знаю все особенности предметной области и могу переложить это на систему [115762]
2767,Да,500,"30.08.2023 11:22:43",294484,"29.08.2023",Управление цепочками поставок [115750],Я знаю предметную область [115761]
2767,Да,500,"30.08.2023 11:22:43",294488,"29.08.2023",Складская логистика [115748],"Я знаю специфику предметной области, могу переложить на систему, убедить клиента и реализовать [115763]"
2767,Да,500,"30.08.2023 11:21:40",294483,"29.08.2023",Складская логистика [115748],Я знаю все особенности предметной области и могу переложить это на систему [115762]
43,Да,500,"30.08.2023 10:28:19",294149,"29.08.2023",Складская логистика [115748],Я знаю предметную область [115761]
43,Да,500,"30.08.2023 10:28:19",294443,"30.08.2023",Управление цепочками поставок [115750],Я знаю предметную область [115761]
43,Да,500,"30.08.2023 10:28:19",294444,"30.08.2023",HR [115755],Я знаю предметную область [115761]
43,Да,500,"30.08.2023 10:28:19",294445,"30.08.2023","Маркетинг, реклама, PR [115754]",Я знаю предметную область [115761]
43,Да,500,"30.08.2023 10:28:19",294446,"30.08.2023",Складская логистика [115748],Я знаю предметную область [115761]
43,Да,500,"30.08.2023 10:28:19",294447,"30.08.2023",Информационные технологии [115753],Я знаю предметную область [115761]
481,Да,500,"29.08.2023 13:58:30",294228,"29.08.2023",Складская логистика [115748],""
3778,Да,500,"29.08.2023 11:37:00",215277,"15.08.2023",Документооборот [115756],Я знаю все особенности предметной области и могу переложить это на систему [115762]
4324,Да,500,"28.08.2023 17:55:07",293939,"11.08.2023",Информационные технологии [115753],Я знаю предметную область [115761]
108,Да,500,"28.08.2023 17:48:21",293915,"01.01.2010",Складская логистика [115748],"Я знаю специфику предметной области, могу переложить на систему, убедить клиента и реализовать [115763]"
108,Да,500,"28.08.2023 17:48:21",293916,"01.01.2010",Транспортная логистика [115749],Я знаю предметную область [115761]
108,Да,500,"28.08.2023 17:48:21",293917,"01.01.2010",Управление цепочками поставок [115750],Я знаю все особенности предметной области и могу переложить это на систему [115762]
108,Да,500,"28.08.2023 17:48:21",293918,"01.01.2010",Информационные технологии [115753],Я знаю предметную область [115761]
108,Да,500,"28.08.2023 17:48:21",293919,"01.01.2010",Перевозки [115757],Я знаю предметную область [115761]
4040,Да,500,"28.08.2023 17:45:08",293914,"28.08.2023","Маркетинг, реклама, PR [115754]",Я знаю предметную область [115761]
1142,Да,500,"28.08.2023 17:43:22",293913,"28.08.2023",Документооборот [115756],""
1612,Да,500,"28.08.2023 17:34:15",293891,"02.08.2010",Информационные технологии [115753],Я знаю предметную область [115761]
3098,Да,500,"15.08.2023 15:31:33",292093,"15.08.2023","Банки, лизинг [115759]",Я знаю предметную область [115761]
3098,Да,500,"15.08.2023 15:31:33",292094,"15.08.2023",Управление цепочками поставок [115750],Я знаю предметную область [115761]
382,Да,500,"09.08.2023 15:14:52",291229,"09.08.2023",Нефть и газ [115758],Я знаю предметную область [115761]
382,Да,500,"09.08.2023 15:14:52",291230,"09.08.2023",HR [115755],Я знаю предметную область [115761]
382,Да,500,"09.08.2023 15:14:52",291231,"09.08.2023",Закупки [115752],Я знаю предметную область [115761]
1459,Да,500,"07.08.2023 09:52:28",290688,"21.11.2021",Информационные технологии [115753],Я знаю предметную область [115761]
4377,Да,500,"04.08.2023 12:28:37",290462,"04.08.2023","Банки, лизинг [115759]","Я знаю специфику предметной области, могу переложить на систему, убедить клиента и реализовать [115763]"
4377,Да,500,"04.08.2023 12:28:37",290463,"04.08.2023",Информационные технологии [115753],Я знаю предметную область [115761]
4377,Да,500,"04.08.2023 12:28:37",290464,"04.08.2023",E-commerce [115751],Я знаю предметную область [115761]
426,Да,500,"02.08.2023 14:18:18",290205,"05.08.2019",Складская логистика [115748],"Я знаю специфику предметной области, могу переложить на систему, убедить клиента и реализовать [115763]"
4342,Да,500,"31.07.2023 16:30:20",289875,"05.04.2021","Банки, лизинг [115759]",Я знаю предметную область [115761]
4342,Да,500,"31.07.2023 16:30:20",289876,"28.07.2015",Информационные технологии [115753],Я знаю предметную область [115761]
1072,Да,500,"26.07.2023 17:51:45",235531,"20.07.2023",Строительство [115760],""
1072,Да,500,"26.07.2023 17:51:45",289393,"20.07.2023",Информационные технологии [115753],""
4387,Да,500,"25.07.2023 16:21:07",289143,"25.07.2023","Банки, лизинг [115759]",Я знаю предметную область [115761]
4361,Да,500,"21.07.2023 11:49:04",288456,"02.07.2010","Банки, лизинг [115759]",Я знаю предметную область [115761]
4361,Да,500,"21.07.2023 11:49:04",288457,"02.07.2004",Информационные технологии [115753],"Я знаю специфику предметной области, могу переложить на систему, убедить клиента и реализовать [115763]"
4361,Да,500,"21.07.2023 11:49:04",288458,"02.07.2021","Маркетинг, реклама, PR [115754]",Я знаю предметную область [115761]
4361,Да,500,"21.07.2023 11:49:04",288459,"02.07.2017",E-commerce [115751],Я знаю предметную область [115761]
1601,Да,500,"21.07.2023 11:26:19",237531,"29.08.2022",Информационные технологии [115753],""
1601,Да,500,"21.07.2023 11:26:19",237535,"29.08.2022",Нефть и газ [115758],""
4187,Да,500,"20.07.2023 17:21:56",288244,"20.07.2023",Перевозки [115757],Я знаю предметную область [115761]
4187,Да,500,"20.07.2023 17:21:56",288245,"20.07.2023",Информационные технологии [115753],Я знаю предметную область [115761]
3841,Да,500,"20.07.2023 17:10:22",288216,"01.01.2018",Складская логистика [115748],Я знаю предметную область [115761]
3841,Да,500,"20.07.2023 17:10:22",288217,"01.01.2018",Управление цепочками поставок [115750],Я знаю все особенности предметной области и могу переложить это на систему [115762]
3841,Да,500,"20.07.2023 17:10:22",288218,"01.03.2021","Банки, лизинг [115759]",Я знаю предметную область [115761]
3774,Да,500,"20.07.2023 15:28:14",288127,"01.01.2020",HR [115755],"Я знаю специфику предметной области, могу переложить на систему, убедить клиента и реализовать [115763]"
3774,Да,500,"20.07.2023 15:28:14",288128,"01.01.2020",Информационные технологии [115753],Я знаю предметную область [115761]
3581,Да,500,"20.07.2023 11:24:50",287839,"20.07.2023","Банки, лизинг [115759]",Я знаю все особенности предметной области и могу переложить это на систему [115762]
3581,Да,500,"20.07.2023 11:24:50",287840,"20.07.2023",Нефть и газ [115758],Я знаю предметную область [115761]
1063,Да,500,"20.07.2023 11:01:15",287768,"20.07.2023","Маркетинг, реклама, PR [115754]",Я знаю предметную область [115761]
1063,Да,500,"20.07.2023 11:01:15",287769,"20.07.2023",Информационные технологии [115753],Я знаю предметную область [115761]
2986,Да,500,"20.07.2023 10:52:45",287734,"20.07.2023",Документооборот [115756],Я знаю предметную область [115761]
2986,Да,500,"20.07.2023 10:52:45",287735,"20.07.2023",Информационные технологии [115753],Я знаю предметную область [115761]
3640,Да,500,"20.07.2023 10:23:22",287713,"20.07.2020",Строительство [115760],Я знаю предметную область [115761]
3640,Да,500,"20.07.2023 10:23:22",287714,"31.12.2018",Закупки [115752],Я знаю все особенности предметной области и могу переложить это на систему [115762]
3642,Да,500,"19.07.2023 17:50:19",287569,"20.09.2019",Нефть и газ [115758],"Я знаю специфику предметной области, могу переложить на систему, убедить клиента и реализовать [115763]"
3642,Да,500,"19.07.2023 17:50:19",287570,"20.07.2021",Транспортная логистика [115749],"Я знаю специфику предметной области, могу переложить на систему, убедить клиента и реализовать [115763]"
3619,Да,500,"19.07.2023 15:48:19",287500,"21.11.2022",Складская логистика [115748],Я знаю предметную область [115761]
3516,Да,500,"18.07.2023 14:17:29",287104,"17.07.2023",HR [115755],Я знаю предметную область [115761]
3516,Да,500,"18.07.2023 14:17:29",287105,"17.07.2023",Закупки [115752],Я знаю предметную область [115761]
3516,Да,500,"18.07.2023 14:17:29",287106,"17.07.2023",E-commerce [115751],Я знаю предметную область [115761]
3811,Да,500,"17.07.2023 20:27:36",286873,"17.07.2023",Документооборот [115756],Я знаю предметную область [115761]
3811,Да,500,"17.07.2023 20:27:36",286874,"17.07.2023",Информационные технологии [115753],Я знаю предметную область [115761]
3811,Да,500,"17.07.2023 20:27:36",286875,"17.07.2023",Нефть и газ [115758],Я знаю предметную область [115761]
3811,Да,500,"17.07.2023 20:27:36",286876,"17.07.2023",Строительство [115760],Я знаю предметную область [115761]
4240,Да,500,"17.07.2023 13:08:54",286729,"17.07.2023",Транспортная логистика [115749],Я знаю предметную область [115761]
4240,Да,500,"17.07.2023 13:08:54",286730,"17.07.2023",Перевозки [115757],Я знаю предметную область [115761]
4378,Да,500,"17.07.2023 07:45:11",283690,"17.07.2023",Информационные технологии [115753],Я знаю предметную область [115761]
4378,Да,500,"17.07.2023 07:45:11",283691,"17.07.2023","Маркетинг, реклама, PR [115754]",Я знаю предметную область [115761]
4378,Да,500,"17.07.2023 07:45:10",283689,"17.07.2023",E-commerce [115751],Я знаю предметную область [115761]
3790,Да,500,"16.07.2023 15:22:00",283528,"16.07.2023",E-commerce [115751],Я знаю предметную область [115761]
3790,Да,500,"16.07.2023 15:22:00",283529,"16.07.2023",HR [115755],Я знаю все особенности предметной области и могу переложить это на систему [115762]
3790,Да,500,"16.07.2023 15:22:00",283530,"16.07.2023","Банки, лизинг [115759]",Я знаю предметную область [115761]
3790,Да,500,"16.07.2023 15:22:00",283531,"16.07.2023",Закупки [115752],Я знаю предметную область [115761]
3790,Да,500,"16.07.2023 15:22:00",283532,"16.07.2023",Информационные технологии [115753],Я знаю предметную область [115761]
3790,Да,500,"16.07.2023 15:22:00",283533,"16.07.2023",Нефть и газ [115758],Я знаю предметную область [115761]
3790,Да,500,"16.07.2023 15:22:00",283534,"16.07.2023",Транспортная логистика [115749],Я знаю предметную область [115761]
3782,Да,500,"14.07.2023 16:53:05",283459,"14.07.2023",Перевозки [115757],Я знаю предметную область [115761]
1429,Да,500,"14.07.2023 06:22:15",283272,"14.07.2023",Перевозки [115757],Я знаю все особенности предметной области и могу переложить это на систему [115762]
3629,Да,500,"11.07.2023 17:39:56",282929,"01.07.2010",Транспортная логистика [115749],Я знаю предметную область [115761]
3629,Да,500,"11.07.2023 17:39:56",282930,"01.07.2009",Закупки [115752],Я знаю все особенности предметной области и могу переложить это на систему [115762]
3629,Да,500,"11.07.2023 17:39:56",282931,"01.07.2008",Складская логистика [115748],Я знаю все особенности предметной области и могу переложить это на систему [115762]
3629,Да,500,"11.07.2023 17:39:56",282932,"01.07.2012",Информационные технологии [115753],"Я знаю специфику предметной области, могу переложить на систему, убедить клиента и реализовать [115763]"
4267,Да,500,"10.07.2023 15:49:25",282699,"08.07.2023",Перевозки [115757],Я знаю предметную область [115761]
4267,Да,500,"10.07.2023 15:49:25",282700,"08.07.2023",Транспортная логистика [115749],Я знаю предметную область [115761]
2797,Да,500,"08.07.2023 20:36:25",282295,"08.07.2023",Строительство [115760],Я знаю предметную область [115761]
2797,Да,500,"08.07.2023 20:36:25",282296,"08.07.2023",HR [115755],Я знаю предметную область [115761]
3629,Да,500,"06.07.2023 16:48:38",282021,"06.07.2023",Транспортная логистика [115749],"Я знаю специфику предметной области, могу переложить на систему, убедить клиента и реализовать [115763]"
3731,Да,500,"04.07.2023 15:50:31",281551,"04.07.2023","Банки, лизинг [115759]",Я знаю предметную область [115761]
3731,Да,500,"04.07.2023 15:50:31",281552,"04.07.2023",Информационные технологии [115753],Я знаю предметную область [115761]
3731,Да,500,"04.07.2023 15:50:31",281553,"04.07.2023",Перевозки [115757],Я знаю предметную область [115761]
3731,Да,500,"04.07.2023 15:50:31",281554,"04.07.2023",Транспортная логистика [115749],Я знаю предметную область [115761]
1503,Да,500,"04.07.2023 15:48:52",281547,"04.07.2023","Банки, лизинг [115759]",Я знаю предметную область [115761]
1283,Да,500,"04.07.2023 14:14:46",281483,"28.11.2022",Документооборот [115756],Я знаю предметную область [115761]
1283,Да,500,"04.07.2023 14:14:46",281484,"28.11.2022",Информационные технологии [115753],Я знаю предметную область [115761]
3420,Да,500,"04.07.2023 11:16:57",281399,"04.07.2023","Банки, лизинг [115759]",Я знаю предметную область [115761]
3420,Да,500,"04.07.2023 11:16:57",281400,"04.07.2023",Информационные технологии [115753],Я знаю все особенности предметной области и могу переложить это на систему [115762]
4082,Да,500,"04.07.2023 11:09:40",281362,"04.07.2023","Банки, лизинг [115759]","Я знаю специфику предметной области, могу переложить на систему, убедить клиента и реализовать [115763]"
2724,Да,500,"03.07.2023 17:34:10",281180,"03.07.2023",Закупки [115752],Я знаю все особенности предметной области и могу переложить это на систему [115762]
2724,Да,500,"03.07.2023 17:34:10",281182,"03.07.2023",HR [115755],Я знаю все особенности предметной области и могу переложить это на систему [115762]
2724,Да,500,"03.07.2023 17:34:10",281183,"03.07.2023",Складская логистика [115748],Я знаю все особенности предметной области и могу переложить это на систему [115762]
2724,Да,500,"03.07.2023 17:34:10",281184,"03.07.2023",Транспортная логистика [115749],Я знаю все особенности предметной области и могу переложить это на систему [115762]
4031,Да,500,"03.07.2023 12:55:15",281075,"01.07.2023","Банки, лизинг [115759]",Я знаю все особенности предметной области и могу переложить это на систему [115762]
3817,Да,500,"03.07.2023 11:08:31",281016,"16.10.2023",Информационные технологии [115753],Я знаю предметную область [115761]
3817,Да,500,"03.07.2023 11:08:31",281017,"14.07.2014",Документооборот [115756],Я знаю предметную область [115761]
3715,Да,500,"30.06.2023 16:35:18",280749,"01.09.2018",Информационные технологии [115753],Я знаю предметную область [115761]
3715,Да,500,"30.06.2023 16:35:18",280753,"01.09.2020","Банки, лизинг [115759]",Я знаю предметную область [115761]
3560,Да,500,"30.06.2023 16:02:06",178755,"30.06.2023",Транспортная логистика [115749],Я знаю все особенности предметной области и могу переложить это на систему [115762]
3560,Да,500,"30.06.2023 16:02:06",178756,"30.06.2023",Перевозки [115757],Я знаю все особенности предметной области и могу переложить это на систему [115762]
3560,Да,500,"30.06.2023 16:02:06",178757,"30.06.2023","Банки, лизинг [115759]",Я знаю все особенности предметной области и могу переложить это на систему [115762]
3560,Да,500,"30.06.2023 16:02:06",178758,"30.06.2023",Информационные технологии [115753],Я знаю все особенности предметной области и могу переложить это на систему [115762]
3800,Да,500,"30.06.2023 16:00:13",280723,"01.01.2023",Документооборот [115756],Я знаю предметную область [115761]
4096,Да,500,"13.06.2023 17:13:58",278083,"12.06.2023","Банки, лизинг [115759]",Я знаю все особенности предметной области и могу переложить это на систему [115762]
4096,Да,500,"13.06.2023 17:13:58",278084,"12.06.2023",Информационные технологии [115753],Я знаю предметную область [115761]
4217,Да,500,"13.06.2023 14:22:01",277993,"13.06.2023",Информационные технологии [115753],Я знаю предметную область [115761]
4217,Да,500,"13.06.2023 14:22:01",277994,"13.06.2023",Закупки [115752],Я знаю предметную область [115761]
4217,Да,500,"13.06.2023 14:22:01",277995,"13.06.2023",Транспортная логистика [115749],Я знаю предметную область [115761]
4217,Да,500,"13.06.2023 14:22:01",277996,"13.06.2023",Складская логистика [115748],Я знаю предметную область [115761]
4228,Да,500,"11.06.2023 14:39:08",277797,"11.06.2023","Банки, лизинг [115759]",Я знаю все особенности предметной области и могу переложить это на систему [115762]
4228,Да,500,"11.06.2023 14:39:08",277798,"31.05.2018",Документооборот [115756],Я знаю предметную область [115761]
4228,Да,500,"11.06.2023 14:39:08",277799,"31.05.2018",Строительство [115760],Я знаю предметную область [115761]
4228,Да,500,"11.06.2023 14:39:08",277800,"31.05.2018",Складская логистика [115748],Я знаю предметную область [115761]
4188,Да,500,"07.06.2023 19:44:22",277543,"07.06.2023","Банки, лизинг [115759]","Я знаю специфику предметной области, могу переложить на систему, убедить клиента и реализовать [115763]"
4188,Да,500,"07.06.2023 19:44:22",277544,"07.06.2023",Нефть и газ [115758],Я знаю предметную область [115761]
4188,Да,500,"07.06.2023 19:44:22",277545,"07.06.2023",Складская логистика [115748],Я знаю предметную область [115761]
4188,Да,500,"07.06.2023 19:44:14",277540,"07.06.2023","Банки, лизинг [115759]","Я знаю специфику предметной области, могу переложить на систему, убедить клиента и реализовать [115763]"
4188,Да,500,"07.06.2023 19:44:14",277541,"07.06.2023",Нефть и газ [115758],Я знаю предметную область [115761]
4188,Да,500,"07.06.2023 19:44:14",277542,"07.06.2023",Складская логистика [115748],Я знаю предметную область [115761]
4188,Да,500,"07.06.2023 19:44:10",277538,"07.06.2023",Нефть и газ [115758],Я знаю предметную область [115761]
4188,Да,500,"07.06.2023 19:44:10",277539,"07.06.2023",Складская логистика [115748],Я знаю предметную область [115761]
4188,Да,500,"07.06.2023 19:44:09",277537,"07.06.2023","Банки, лизинг [115759]","Я знаю специфику предметной области, могу переложить на систему, убедить клиента и реализовать [115763]"
4178,Да,500,"07.06.2023 18:02:27",277491,"07.06.2023","Банки, лизинг [115759]",Я знаю все особенности предметной области и могу переложить это на систему [115762]
4178,Да,500,"07.06.2023 18:02:27",277492,"07.06.2023",Информационные технологии [115753],Я знаю все особенности предметной области и могу переложить это на систему [115762]
3143,Да,500,"01.06.2023 21:16:01",276760,"01.06.2023",Транспортная логистика [115749],Я знаю все особенности предметной области и могу переложить это на систему [115762]
3143,Да,500,"01.06.2023 21:16:01",276761,"01.06.2023",Управление цепочками поставок [115750],Я знаю все особенности предметной области и могу переложить это на систему [115762]
3143,Да,500,"01.06.2023 21:16:01",276762,"01.06.2023",Складская логистика [115748],"Я знаю специфику предметной области, могу переложить на систему, убедить клиента и реализовать [115763]"
3143,Да,500,"01.06.2023 21:15:09",276759,"01.06.2023",Транспортная логистика [115749],"Я знаю специфику предметной области, могу переложить на систему, убедить клиента и реализовать [115763]"
4112,Да,500,"01.06.2023 13:27:18",276656,"26.04.2023",Нефть и газ [115758],"Я знаю специфику предметной области, могу переложить на систему, убедить клиента и реализовать [115763]"
4112,Да,500,"01.06.2023 13:27:18",276671,"29.05.2023",Закупки [115752],"Я знаю специфику предметной области, могу переложить на систему, убедить клиента и реализовать [115763]"
4112,Да,500,"01.06.2023 13:27:18",276672,"29.05.2023",Строительство [115760],"Я знаю специфику предметной области, могу переложить на систему, убедить клиента и реализовать [115763]"
4112,Да,500,"01.06.2023 13:27:16",276667,"29.05.2023",Закупки [115752],"Я знаю специфику предметной области, могу переложить на систему, убедить клиента и реализовать [115763]"
4112,Да,500,"01.06.2023 13:27:16",276668,"29.05.2023",Строительство [115760],"Я знаю специфику предметной области, могу переложить на систему, убедить клиента и реализовать [115763]"
4112,Да,500,"01.06.2023 13:27:16",276669,"29.05.2023",Закупки [115752],"Я знаю специфику предметной области, могу переложить на систему, убедить клиента и реализовать [115763]"
4112,Да,500,"01.06.2023 13:27:16",276670,"29.05.2023",Строительство [115760],"Я знаю специфику предметной области, могу переложить на систему, убедить клиента и реализовать [115763]"
4112,Да,500,"01.06.2023 13:27:15",276663,"29.05.2023",Закупки [115752],"Я знаю специфику предметной области, могу переложить на систему, убедить клиента и реализовать [115763]"
4112,Да,500,"01.06.2023 13:27:15",276664,"29.05.2023",Строительство [115760],"Я знаю специфику предметной области, могу переложить на систему, убедить клиента и реализовать [115763]"
4112,Да,500,"01.06.2023 13:27:15",276665,"29.05.2023",Закупки [115752],"Я знаю специфику предметной области, могу переложить на систему, убедить клиента и реализовать [115763]"
4112,Да,500,"01.06.2023 13:27:15",276666,"29.05.2023",Строительство [115760],"Я знаю специфику предметной области, могу переложить на систему, убедить клиента и реализовать [115763]"
4112,Да,500,"01.06.2023 13:27:11",276661,"29.05.2023",Закупки [115752],"Я знаю специфику предметной области, могу переложить на систему, убедить клиента и реализовать [115763]"
4112,Да,500,"01.06.2023 13:27:11",276662,"29.05.2023",Строительство [115760],"Я знаю специфику предметной области, могу переложить на систему, убедить клиента и реализовать [115763]"
4112,Да,500,"01.06.2023 13:27:08",276659,"29.05.2023",Закупки [115752],"Я знаю специфику предметной области, могу переложить на систему, убедить клиента и реализовать [115763]"
4112,Да,500,"01.06.2023 13:27:08",276660,"29.05.2023",Строительство [115760],"Я знаю специфику предметной области, могу переложить на систему, убедить клиента и реализовать [115763]"
4112,Да,500,"01.06.2023 13:27:05",276657,"29.05.2023",Закупки [115752],"Я знаю специфику предметной области, могу переложить на систему, убедить клиента и реализовать [115763]"
4112,Да,500,"01.06.2023 13:27:05",276658,"29.05.2023",Строительство [115760],"Я знаю специфику предметной области, могу переложить на систему, убедить клиента и реализовать [115763]"
4155,Да,500,"31.05.2023 17:05:38",276522,"31.05.2023","Банки, лизинг [115759]",Я знаю предметную область [115761]
4148,Да,500,"31.05.2023 10:38:39",276381,"31.05.2023","Банки, лизинг [115759]","Я знаю специфику предметной области, могу переложить на систему, убедить клиента и реализовать [115763]"
4198,Да,500,"19.05.2023 10:05:26",274854,"19.05.2023","Банки, лизинг [115759]",""
4198,Да,500,"19.05.2023 10:05:26",274855,"19.05.2023",Складская логистика [115748],""
3909,Да,500,"11.05.2023 09:24:22",273672,"11.05.2023",HR [115755],Я знаю предметную область [115761]
3909,Да,500,"11.05.2023 09:24:22",273673,"11.05.2023",Документооборот [115756],Я знаю предметную область [115761]
3909,Да,500,"11.05.2023 09:24:22",273674,"11.05.2023",Закупки [115752],Я знаю предметную область [115761]
3909,Да,500,"11.05.2023 09:24:22",273675,"11.05.2023",Складская логистика [115748],Я знаю предметную область [115761]
3909,Да,500,"11.05.2023 09:24:22",273676,"11.05.2023",Строительство [115760],Я знаю предметную область [115761]
4316,Да,500,"10.05.2023 10:45:30",273491,"10.05.2023",Документооборот [115756],Я знаю все особенности предметной области и могу переложить это на систему [115762]
4316,Да,500,"10.05.2023 10:45:30",273492,"10.05.2023",Информационные технологии [115753],Я знаю все особенности предметной области и могу переложить это на систему [115762]
4316,Да,500,"10.05.2023 10:45:30",273493,"10.05.2023",Нефть и газ [115758],Я знаю все особенности предметной области и могу переложить это на систему [115762]
4316,Да,500,"10.05.2023 10:45:30",273494,"10.05.2023",Строительство [115760],Я знаю предметную область [115761]
4303,Да,500,"05.05.2023 10:26:38",273282,"05.05.2023","Банки, лизинг [115759]",Я знаю предметную область [115761]
4303,Да,500,"05.05.2023 10:26:38",273283,"05.05.2023",Информационные технологии [115753],Я знаю все особенности предметной области и могу переложить это на систему [115762]
436,Да,500,"09.02.2023 18:09:03",262816,"09.02.2023",Документооборот [115756],"Я знаю специфику предметной области, могу переложить на систему, убедить клиента и реализовать [115763]"
436,Да,500,"09.02.2023 18:09:03",262817,"09.02.2023","Банки, лизинг [115759]",Я знаю предметную область [115761]
1625,Да,500,"29.08.2022 15:15:41",237410,"29.08.2022",Нефть и газ [115758],""
1625,Да,500,"29.08.2022 15:15:41",237685,"29.08.2022",HR [115755],""
2837,Да,500,"29.08.2022 14:51:31",236834,"22.08.2022",Нефть и газ [115758],""
2837,Да,500,"29.08.2022 14:51:31",237658,"29.08.2022",HR [115755],""
1060,Да,500,"29.08.2022 13:54:39",237630,"29.08.2022",Строительство [115760],""
1060,Да,500,"29.08.2022 13:54:39",237631,"29.08.2022",Информационные технологии [115753],""
505,Да,500,"29.08.2022 13:02:05",237567,"29.08.2022",Нефть и газ [115758],""
505,Да,500,"29.08.2022 13:02:05",237571,"29.08.2022",Информационные технологии [115753],""
2797,Да,500,"29.08.2022 12:20:30",237493,"29.08.2022",Строительство [115760],""
1569,Да,500,"29.08.2022 11:50:16",237475,"29.08.2022",HR [115755],""
316,Да,500,"29.08.2022 11:44:56",237461,"29.08.2022",Нефть и газ [115758],""
316,Да,500,"29.08.2022 11:44:56",237462,"29.08.2022",Строительство [115760],""
982,Да,500,"29.08.2022 11:39:27",237450,"29.08.2022",Информационные технологии [115753],""
982,Да,500,"29.08.2022 11:39:27",237452,"29.08.2022",Нефть и газ [115758],""
1076,Да,500,"29.08.2022 11:32:00",237438,"29.08.2022",Информационные технологии [115753],""
3043,Да,500,"24.08.2022 16:21:19",236959,"22.08.2022",Информационные технологии [115753],""
324,Да,500,"23.08.2022 13:23:16",236808,"22.08.2022",Информационные технологии [115753],""
324,Да,500,"23.08.2022 13:23:16",236812,"22.08.2022",Нефть и газ [115758],""
1117,Да,500,"22.08.2022 16:15:18",236652,"22.08.2022",Информационные технологии [115753],""
3632,Да,500,"22.08.2022 15:12:02",236612,"22.08.2022",E-commerce [115751],""
3428,Да,500,"22.08.2022 13:14:33",236577,"22.08.2022",Строительство [115760],""
3352,Да,500,"16.08.2022 13:02:30",235901,"16.08.2022",Строительство [115760],""
1024,Да,500,"16.08.2022 12:40:29",235884,"16.08.2022",Нефть и газ [115758],""
111,Да,500,"16.08.2022 11:29:19",235808,"16.08.2022",Информационные технологии [115753],""
111,Да,500,"16.08.2022 11:29:19",235809,"16.08.2022",Строительство [115760],""
111,Да,500,"16.08.2022 11:29:19",235810,"16.08.2022",Транспортная логистика [115749],""
946,Да,500,"16.08.2022 10:52:45",235781,"16.08.2022",Информационные технологии [115753],""
1635,Да,500,"16.08.2022 10:35:03",235761,"16.08.2022",Нефть и газ [115758],""
319,Да,500,"15.08.2022 15:07:29",235603,"15.08.2022",Нефть и газ [115758],""
3591,Да,500,"15.07.2022 14:36:10",231382,"",Информационные технологии [115753],Я знаю предметную область [115761]
1140,Да,500,"11.07.2022 15:46:07",230934,"",Складская логистика [115748],Я знаю предметную область [115761]
3839,Да,500,"29.06.2022 17:27:09",229415,"",Транспортная логистика [115749],Я знаю предметную область [115761]
3839,Да,500,"29.06.2022 17:27:09",229416,"",Складская логистика [115748],Я знаю предметную область [115761]
3150,Да,500,"21.06.2022 14:33:27",228358,"",Складская логистика [115748],"Я знаю специфику предметной области, могу переложить на систему, убедить клиента и реализовать [115763]"
2739,Да,500,"30.05.2022 18:24:59",225358,"",Складская логистика [115748],Я знаю предметную область [115761]
832,Да,500,"30.05.2022 17:21:29",225320,"",Складская логистика [115748],Я знаю все особенности предметной области и могу переложить это на систему [115762]
3580,Да,500,"05.05.2022 14:13:39",222603,"",Складская логистика [115748],Я знаю все особенности предметной области и могу переложить это на систему [115762]
3365,Да,500,"28.04.2022 13:15:41",222099,"",Складская логистика [115748],Я знаю предметную область [115761]
462,Да,500,"12.04.2022 12:26:11",219953,"",Информационные технологии [115753],"Я знаю специфику предметной области, могу переложить на систему, убедить клиента и реализовать [115763]"
3435,Да,500,"01.04.2022 11:14:01",215724,"",Информационные технологии [115753],"Я знаю специфику предметной области, могу переложить на систему, убедить клиента и реализовать [115763]"
3435,Да,500,"01.04.2022 11:14:01",215725,"","Банки, лизинг [115759]",Я знаю все особенности предметной области и могу переложить это на систему [115762]
3435,Да,500,"01.04.2022 11:14:01",215726,"",Нефть и газ [115758],Я знаю предметную область [115761]
3435,Да,500,"01.04.2022 11:14:01",215727,"",E-commerce [115751],Я знаю все особенности предметной области и могу переложить это на систему [115762]
3435,Да,500,"01.04.2022 11:14:01",215728,"",HR [115755],Я знаю все особенности предметной области и могу переложить это на систему [115762]
3435,Да,500,"01.04.2022 11:14:01",215729,"",Складская логистика [115748],Я знаю предметную область [115761]
3435,Да,500,"01.04.2022 11:14:01",215730,"","Маркетинг, реклама, PR [115754]",Я знаю предметную область [115761]
3435,Да,500,"01.04.2022 11:14:01",215731,"",Документооборот [115756],Я знаю все особенности предметной области и могу переложить это на систему [115762]
3435,Да,500,"01.04.2022 11:14:01",215732,"",Перевозки [115757],Я знаю предметную область [115761]
2830,Да,500,"31.03.2022 13:13:16",215466,"",Складская логистика [115748],Я знаю предметную область [115761]
432,Да,500,"30.03.2022 15:01:51",215339,"",Складская логистика [115748],"Я знаю специфику предметной области, могу переложить на систему, убедить клиента и реализовать [115763]"
432,Да,500,"30.03.2022 15:01:51",215340,"",Транспортная логистика [115749],Я знаю предметную область [115761]
432,Да,500,"30.03.2022 15:01:51",215341,"",Информационные технологии [115753],Я знаю предметную область [115761]
3744,Да,500,"25.03.2022 18:16:53",214645,"",Информационные технологии [115753],Я знаю все особенности предметной области и могу переложить это на систему [115762]
3576,Да,500,"25.03.2022 16:17:21",214621,"",Управление цепочками поставок [115750],Я знаю предметную область [115761]
3010,Да,500,"25.03.2022 16:14:14",214611,"",Транспортная логистика [115749],Я знаю предметную область [115761]
3010,Да,500,"25.03.2022 16:14:14",214612,"",Закупки [115752],Я знаю все особенности предметной области и могу переложить это на систему [115762]
3010,Да,500,"25.03.2022 16:14:14",214613,"",Управление цепочками поставок [115750],Я знаю все особенности предметной области и могу переложить это на систему [115762]
3010,Да,500,"25.03.2022 16:14:13",214610,"",Складская логистика [115748],Я знаю все особенности предметной области и могу переложить это на систему [115762]
2811,Да,500,"25.03.2022 16:01:35",214595,"",Складская логистика [115748],Я знаю предметную область [115761]
1100,Да,500,"25.03.2022 00:38:59",214507,"",Информационные технологии [115753],Я знаю все особенности предметной области и могу переложить это на систему [115762]
3363,Да,500,"24.03.2022 20:00:49",214482,"",Складская логистика [115748],Я знаю предметную область [115761]
81,Да,500,"24.03.2022 15:30:18",214451,"",Складская логистика [115748],Я знаю все особенности предметной области и могу переложить это на систему [115762]
81,Да,500,"24.03.2022 15:30:18",214452,"",Управление цепочками поставок [115750],Я знаю все особенности предметной области и могу переложить это на систему [115762]
81,Да,500,"24.03.2022 15:30:18",214453,"",Транспортная логистика [115749],Я знаю предметную область [115761]
310,Да,500,"14.03.2022 18:35:14",213108,"",Нефть и газ [115758],Я знаю предметную область [115761]
3395,Да,500,"29.11.2021 14:44:34",201793,"",HR [115755],Я знаю все особенности предметной области и могу переложить это на систему [115762]
3116,Да,500,"17.09.2021 16:56:49",193937,"",Перевозки [115757],Я знаю все особенности предметной области и могу переложить это на систему [115762]
31,Да,500,"10.06.2021 10:35:41",184510,"",Складская логистика [115748],Я знаю предметную область [115761]
3514,Да,500,"01.06.2021 12:59:21",183215,"",Информационные технологии [115753],Я знаю предметную область [115761]
3478,Да,500,"28.04.2021 11:41:15",179054,"",Документооборот [115756],Я знаю все особенности предметной области и могу переложить это на систему [115762]
3478,Да,500,"28.04.2021 11:41:15",179055,"",Информационные технологии [115753],Я знаю предметную область [115761]
3478,Да,500,"28.04.2021 11:41:15",179056,"","Маркетинг, реклама, PR [115754]",Я знаю предметную область [115761]
3259,Да,500,"27.04.2021 20:56:44",178906,"",Управление цепочками поставок [115750],"Я знаю специфику предметной области, могу переложить на систему, убедить клиента и реализовать [115763]"
3259,Да,500,"27.04.2021 20:56:44",178907,"",Складская логистика [115748],Я знаю все особенности предметной области и могу переложить это на систему [115762]
3259,Да,500,"27.04.2021 20:56:44",178908,"",Транспортная логистика [115749],Я знаю предметную область [115761]
3259,Да,500,"27.04.2021 20:56:44",178909,"",Информационные технологии [115753],Я знаю предметную область [115761]
3259,Да,500,"27.04.2021 20:56:44",178910,"",Закупки [115752],"Я знаю специфику предметной области, могу переложить на систему, убедить клиента и реализовать [115763]"
3094,Да,500,"27.04.2021 18:10:09",178881,"",E-commerce [115751],Я знаю предметную область [115761]
3094,Да,500,"27.04.2021 18:10:09",178882,"",Информационные технологии [115753],Я знаю все особенности предметной области и могу переложить это на систему [115762]
3310,Да,500,"27.04.2021 15:56:07",178828,"",Информационные технологии [115753],"Я знаю специфику предметной области, могу переложить на систему, убедить клиента и реализовать [115763]"
3310,Да,500,"27.04.2021 15:56:07",178829,"",Документооборот [115756],Я знаю все особенности предметной области и могу переложить это на систему [115762]
3310,Да,500,"27.04.2021 15:56:07",178830,"",Строительство [115760],Я знаю все особенности предметной области и могу переложить это на систему [115762]
3310,Да,500,"27.04.2021 15:56:07",178831,"",E-commerce [115751],Я знаю предметную область [115761]
3284,Да,500,"27.04.2021 15:41:19",178779,"",Информационные технологии [115753],Я знаю предметную область [115761]
174,Да,500,"06.04.2021 14:30:01",152742,"",Нефть и газ [115758],Я знаю предметную область [115761]
174,Да,500,"06.04.2021 14:30:01",152743,"",Перевозки [115757],Я знаю все особенности предметной области и могу переложить это на систему [115762]
174,Да,500,"06.04.2021 14:30:01",152744,"",HR [115755],Я знаю все особенности предметной области и могу переложить это на систему [115762]
174,Да,500,"06.04.2021 14:30:00",152741,"",E-commerce [115751],Я знаю предметную область [115761]
1702,Да,500,"24.03.2021 16:15:24",151859,"",Документооборот [115756],"Я знаю специфику предметной области, могу переложить на систему, убедить клиента и реализовать [115763]"
1702,Да,500,"24.03.2021 16:15:24",151860,"",Строительство [115760],Я знаю все особенности предметной области и могу переложить это на систему [115762]
1702,Да,500,"24.03.2021 16:15:24",151861,"",Нефть и газ [115758],Я знаю предметную область [115761]
1702,Да,500,"24.03.2021 16:15:24",151862,"",Информационные технологии [115753],"Я знаю специфику предметной области, могу переложить на систему, убедить клиента и реализовать [115763]"
1702,Да,500,"24.03.2021 16:15:24",151863,"",Закупки [115752],Я знаю все особенности предметной области и могу переложить это на систему [115762]
1702,Да,500,"24.03.2021 16:15:24",151864,"","Банки, лизинг [115759]",Я знаю все особенности предметной области и могу переложить это на систему [115762]
3470,Да,500,"01.03.2021 10:02:34",149917,"",Информационные технологии [115753],Я знаю все особенности предметной области и могу переложить это на систему [115762]
