"User ID","активность","Сорт.","Дата изм.","id","дата","отрасли","Уровень знаний в отрасли"
3978,Да,500,"09.01.2024 11:57:29",313494,"09.01.2024",Промышленное производство [115769],"Я знаю специфику отрасли, могу переложить на систему, убедить клиента и реализовать [115774]"
3978,Да,500,"09.01.2024 11:57:29",313495,"09.01.2024",Розничная торговля и дистрибуция [115764],"Я знаю специфику отрасли, могу переложить на систему, убедить клиента и реализовать [115774]"
4506,Да,500,"08.01.2024 23:58:36",313369,"08.01.2024",Розничная торговля и дистрибуция [115764],Я знаю специфику отрасли [115772]
3985,Да,500,"08.01.2024 20:53:54",313324,"01.02.2022",Связь и телекоммуникации [115767],Я знаю специфику отрасли и переложил это на систему [115773]
1430,Да,500,"29.12.2023 12:08:14",312729,"01.09.2018",Промышленное производство [115769],"Я знаю специфику отрасли, могу переложить на систему, убедить клиента и реализовать [115774]"
1430,Да,500,"29.12.2023 12:08:14",312730,"01.09.2018",Розничная торговля и дистрибуция [115764],"Я знаю специфику отрасли, могу переложить на систему, убедить клиента и реализовать [115774]"
1430,Да,500,"29.12.2023 12:08:14",312733,"01.09.2018",Государственный сектор [115771],Я знаю специфику отрасли [115772]
4493,Да,500,"28.12.2023 18:57:05",312622,"28.12.2023",Розничная торговля и дистрибуция [115764],Я знаю специфику отрасли [115772]
3397,Да,500,"28.12.2023 18:35:14",312601,"09.02.2021",Промышленное производство [115769],Я знаю специфику отрасли [115772]
3397,Да,500,"28.12.2023 18:35:14",312603,"09.03.2022",Связь и телекоммуникации [115767],Я знаю специфику отрасли [115772]
3397,Да,500,"28.12.2023 18:35:14",312604,"09.07.2022",Розничная торговля и дистрибуция [115764],Я знаю специфику отрасли [115772]
4594,Да,500,"28.12.2023 11:49:13",312504,"30.11.2023",Финансовый сектор [115770],Я знаю специфику отрасли [115772]
4417,Да,500,"28.12.2023 09:50:21",312465,"01.01.2015",Связь и телекоммуникации [115767],Я знаю специфику отрасли и переложил это на систему [115773]
4194,Да,500,"26.12.2023 12:51:08",312146,"01.07.2022",Промышленное производство [115769],"Я знаю специфику отрасли, могу переложить на систему, убедить клиента и реализовать [115774]"
4399,Да,500,"26.12.2023 10:10:40",312097,"26.12.2023",Государственный сектор [115771],Я знаю специфику отрасли и переложил это на систему [115773]
4399,Да,500,"26.12.2023 10:10:40",312098,"26.12.2023",Розничная торговля и дистрибуция [115764],Я знаю специфику отрасли и переложил это на систему [115773]
4399,Да,500,"26.12.2023 10:10:40",312099,"26.12.2023",Транспорт и логистика [115768],Я знаю специфику отрасли и переложил это на систему [115773]
3398,Да,500,"20.12.2023 14:18:50",311407,"30.06.2021",Промышленное производство [115769],Я знаю специфику отрасли и переложил это на систему [115773]
3398,Да,500,"20.12.2023 14:18:50",311408,"22.09.2022",Связь и телекоммуникации [115767],Я знаю специфику отрасли и переложил это на систему [115773]
3398,Да,500,"20.12.2023 14:18:50",311409,"18.05.2022",Розничная торговля и дистрибуция [115764],Я знаю специфику отрасли и переложил это на систему [115773]
4558,Да,500,"12.12.2023 10:13:23",309288,"12.12.2023",Государственный сектор [115771],Я знаю специфику отрасли [115772]
2743,Да,500,"28.11.2023 17:16:18",307437,"27.10.2023",Транспорт и логистика [115768],Я знаю специфику отрасли и переложил это на систему [115773]
4363,Да,500,"14.11.2023 14:19:35",305554,"14.11.2023",Транспорт и логистика [115768],Я знаю специфику отрасли [115772]
4482,Да,500,"27.09.2023 15:10:45",298917,"01.01.2018",Финансовый сектор [115770],Я знаю специфику отрасли [115772]
581,Да,500,"18.09.2023 16:58:46",297708,"18.09.2023",Связь и телекоммуникации [115767],Я знаю специфику отрасли [115772]
581,Да,500,"18.09.2023 16:58:46",297709,"18.09.2023",Государственный сектор [115771],Я знаю специфику отрасли [115772]
581,Да,500,"18.09.2023 16:58:46",297710,"18.09.2023",Промышленное производство [115769],Я знаю специфику отрасли [115772]
4492,Да,500,"18.09.2023 11:22:48",297603,"09.07.2021",Промышленное производство [115769],Я знаю специфику отрасли и переложил это на систему [115773]
4492,Да,500,"18.09.2023 11:22:48",297604,"09.07.2021",ТЭК и добывающая промышленность [115766],Я знаю специфику отрасли и переложил это на систему [115773]
4510,Да,500,"12.09.2023 11:52:35",296729,"04.09.2023",Транспорт и логистика [115768],""
647,Да,500,"08.09.2023 15:06:57",296296,"08.09.2023",Розничная торговля и дистрибуция [115764],"Я знаю специфику отрасли, могу переложить на систему, убедить клиента и реализовать [115774]"
647,Да,500,"08.09.2023 15:06:57",296297,"08.09.2023",Государственный сектор [115771],Я знаю специфику отрасли [115772]
4428,Да,500,"08.09.2023 11:57:49",296207,"08.09.2023",Промышленное производство [115769],Я знаю специфику отрасли [115772]
4395,Да,500,"07.09.2023 19:37:44",296072,"07.09.2023",Финансовый сектор [115770],Я знаю специфику отрасли и переложил это на систему [115773]
3790,Да,500,"16.07.2023 15:22:59",283539,"16.07.2023",ТЭК и добывающая промышленность [115766],Я знаю специфику отрасли [115772]
2767,Да,500,"30.08.2023 11:22:34",294486,"29.08.2023",Розничная торговля и дистрибуция [115764],"Я знаю специфику отрасли, могу переложить на систему, убедить клиента и реализовать [115774]"
2767,Да,500,"30.08.2023 11:22:34",294487,"29.08.2023",Транспорт и логистика [115768],"Я знаю специфику отрасли, могу переложить на систему, убедить клиента и реализовать [115774]"
481,Да,500,"29.08.2023 13:58:53",294229,"29.08.2023",Транспорт и логистика [115768],""
108,Да,500,"28.08.2023 18:03:46",293920,"01.01.2010",Промышленное производство [115769],"Я знаю специфику отрасли, могу переложить на систему, убедить клиента и реализовать [115774]"
108,Да,500,"28.08.2023 18:03:46",293921,"01.01.2010",Розничная торговля и дистрибуция [115764],"Я знаю специфику отрасли, могу переложить на систему, убедить клиента и реализовать [115774]"
108,Да,500,"28.08.2023 18:03:46",293922,"01.01.2010",Транспорт и логистика [115768],"Я знаю специфику отрасли, могу переложить на систему, убедить клиента и реализовать [115774]"
3098,Да,500,"15.08.2023 15:32:16",292095,"15.08.2023",Финансовый сектор [115770],Я знаю специфику отрасли и переложил это на систему [115773]
3098,Да,500,"15.08.2023 15:32:16",292096,"15.08.2023",Транспорт и логистика [115768],Я знаю специфику отрасли [115772]
382,Да,500,"09.08.2023 15:16:17",291232,"09.08.2023",Розничная торговля и дистрибуция [115764],Я знаю специфику отрасли и переложил это на систему [115773]
382,Да,500,"09.08.2023 15:16:17",291233,"09.08.2023",Транспорт и логистика [115768],Я знаю специфику отрасли [115772]
382,Да,500,"09.08.2023 15:16:17",291234,"09.08.2023",ТЭК и добывающая промышленность [115766],Я знаю специфику отрасли [115772]
382,Да,500,"09.08.2023 15:16:17",291235,"09.08.2023",Промышленное производство [115769],Я знаю специфику отрасли [115772]
3496,Да,500,"09.08.2023 11:25:26",281173,"01.11.2019",Розничная торговля и дистрибуция [115764],Я знаю специфику отрасли [115772]
3496,Да,500,"09.08.2023 11:25:26",291159,"01.01.2022",Фармацевтика и медицина [115765],Я знаю специфику отрасли [115772]
4316,Да,500,"04.08.2023 16:39:01",273481,"10.05.2023",Связь и телекоммуникации [115767],Я знаю специфику отрасли [115772]
4316,Да,500,"04.08.2023 16:39:01",273496,"10.05.2023",Связь и телекоммуникации [115767],Я знаю специфику отрасли и переложил это на систему [115773]
4316,Да,500,"04.08.2023 16:39:01",273497,"10.05.2023",ТЭК и добывающая промышленность [115766],Я знаю специфику отрасли и переложил это на систему [115773]
4316,Да,500,"04.08.2023 16:39:01",290549,"10.05.2023",Промышленное производство [115769],"Я знаю специфику отрасли, могу переложить на систему, убедить клиента и реализовать [115774]"
4377,Да,500,"04.08.2023 12:29:38",290465,"04.08.2023",Розничная торговля и дистрибуция [115764],Я знаю специфику отрасли [115772]
4377,Да,500,"04.08.2023 12:29:38",290466,"04.08.2023",Финансовый сектор [115770],Я знаю специфику отрасли [115772]
4342,Да,500,"31.07.2023 16:33:28",289877,"05.03.2021",Финансовый сектор [115770],Я знаю специфику отрасли [115772]
4342,Да,500,"31.07.2023 16:33:28",289878,"01.01.2015",Связь и телекоммуникации [115767],Я знаю специфику отрасли [115772]
4342,Да,500,"31.07.2023 16:33:28",289879,"01.01.2013",Розничная торговля и дистрибуция [115764],Я знаю специфику отрасли [115772]
1072,Да,500,"26.07.2023 17:52:24",289394,"20.07.2023",Розничная торговля и дистрибуция [115764],Я знаю специфику отрасли [115772]
1072,Да,500,"26.07.2023 17:52:24",289395,"20.07.2023",Фармацевтика и медицина [115765],Я знаю специфику отрасли [115772]
1072,Да,500,"26.07.2023 17:52:24",289396,"20.07.2023",Финансовый сектор [115770],Я знаю специфику отрасли [115772]
1072,Да,500,"26.07.2023 17:52:24",289397,"20.07.2023",Связь и телекоммуникации [115767],Я знаю специфику отрасли [115772]
4387,Да,500,"25.07.2023 16:21:32",289144,"25.07.2023",Финансовый сектор [115770],Я знаю специфику отрасли и переложил это на систему [115773]
4361,Да,500,"21.07.2023 11:50:19",288460,"02.07.2017",Розничная торговля и дистрибуция [115764],Я знаю специфику отрасли [115772]
4361,Да,500,"21.07.2023 11:50:19",288461,"02.07.2004",Связь и телекоммуникации [115767],Я знаю специфику отрасли [115772]
4361,Да,500,"21.07.2023 11:50:19",288462,"02.07.2010",Финансовый сектор [115770],Я знаю специфику отрасли [115772]
4187,Да,500,"20.07.2023 17:22:25",288246,"20.07.2023",Государственный сектор [115771],Я знаю специфику отрасли и переложил это на систему [115773]
4187,Да,500,"20.07.2023 17:22:25",288247,"20.07.2023",Транспорт и логистика [115768],Я знаю специфику отрасли [115772]
3841,Да,500,"20.07.2023 17:11:07",288220,"01.01.2018",Розничная торговля и дистрибуция [115764],Я знаю специфику отрасли и переложил это на систему [115773]
3841,Да,500,"20.07.2023 17:11:07",288221,"01.03.2021",Финансовый сектор [115770],Я знаю специфику отрасли [115772]
3774,Да,500,"20.07.2023 15:31:38",288130,"01.01.2020",Государственный сектор [115771],"Я знаю специфику отрасли, могу переложить на систему, убедить клиента и реализовать [115774]"
3774,Да,500,"20.07.2023 15:31:38",288131,"01.01.2015",Промышленное производство [115769],"Я знаю специфику отрасли, могу переложить на систему, убедить клиента и реализовать [115774]"
3774,Да,500,"20.07.2023 15:31:38",288132,"01.07.2011",Розничная торговля и дистрибуция [115764],"Я знаю специфику отрасли, могу переложить на систему, убедить клиента и реализовать [115774]"
3774,Да,500,"20.07.2023 15:31:38",288133,"07.01.2021",Транспорт и логистика [115768],"Я знаю специфику отрасли, могу переложить на систему, убедить клиента и реализовать [115774]"
3774,Да,500,"20.07.2023 15:31:38",288134,"04.10.2017",Фармацевтика и медицина [115765],"Я знаю специфику отрасли, могу переложить на систему, убедить клиента и реализовать [115774]"
3631,Да,500,"20.07.2023 13:50:10",288030,"20.07.2023",Транспорт и логистика [115768],Я знаю специфику отрасли [115772]
3581,Да,500,"20.07.2023 11:25:20",287841,"20.07.2023",Финансовый сектор [115770],Я знаю специфику отрасли и переложил это на систему [115773]
2986,Да,500,"20.07.2023 10:53:47",287736,"20.07.2023",Государственный сектор [115771],Я знаю специфику отрасли [115772]
2986,Да,500,"20.07.2023 10:53:47",287737,"20.07.2023",Промышленное производство [115769],Я знаю специфику отрасли [115772]
2986,Да,500,"20.07.2023 10:53:47",287738,"20.07.2023",Розничная торговля и дистрибуция [115764],Я знаю специфику отрасли [115772]
3640,Да,500,"20.07.2023 10:21:37",287711,"20.07.2020",Транспорт и логистика [115768],Я знаю специфику отрасли [115772]
3640,Да,500,"20.07.2023 10:21:37",287712,"04.07.2023",ТЭК и добывающая промышленность [115766],Я знаю специфику отрасли [115772]
324,Да,500,"20.07.2023 10:01:21",287678,"22.08.2022",Государственный сектор [115771],Я знаю специфику отрасли [115772]
324,Да,500,"20.07.2023 10:01:21",287679,"22.08.2022",Промышленное производство [115769],Я знаю специфику отрасли [115772]
324,Да,500,"20.07.2023 10:01:21",287680,"22.08.2022",Фармацевтика и медицина [115765],Я знаю специфику отрасли [115772]
324,Да,500,"20.07.2023 10:01:21",287681,"22.08.2022",ТЭК и добывающая промышленность [115766],Я знаю специфику отрасли [115772]
324,Да,500,"20.07.2023 10:01:21",287682,"22.08.2022",Розничная торговля и дистрибуция [115764],"Я знаю специфику отрасли, могу переложить на систему, убедить клиента и реализовать [115774]"
324,Да,500,"20.07.2023 10:01:21",287683,"20.07.2023",Финансовый сектор [115770],"Я знаю специфику отрасли, могу переложить на систему, убедить клиента и реализовать [115774]"
4149,Да,500,"19.07.2023 21:41:05",287630,"17.07.2023",Финансовый сектор [115770],Я знаю специфику отрасли и переложил это на систему [115773]
3697,Да,500,"19.07.2023 16:08:00",202740,"19.07.2023",Фармацевтика и медицина [115765],Я знаю специфику отрасли [115772]
3697,Да,500,"19.07.2023 16:08:00",287507,"19.07.2023",Розничная торговля и дистрибуция [115764],Я знаю специфику отрасли [115772]
3642,Да,500,"19.07.2023 16:02:33",287504,"13.02.2023",Государственный сектор [115771],Я знаю специфику отрасли и переложил это на систему [115773]
3642,Да,500,"19.07.2023 16:02:33",287505,"30.06.2021",ТЭК и добывающая промышленность [115766],"Я знаю специфику отрасли, могу переложить на систему, убедить клиента и реализовать [115774]"
3642,Да,500,"19.07.2023 16:02:33",287506,"20.09.2019",Транспорт и логистика [115768],"Я знаю специфику отрасли, могу переложить на систему, убедить клиента и реализовать [115774]"
3619,Да,500,"19.07.2023 15:48:42",287501,"21.11.2022",Связь и телекоммуникации [115767],Я знаю специфику отрасли [115772]
4148,Да,500,"18.07.2023 14:11:45",276382,"18.07.2023",Финансовый сектор [115770],Я знаю специфику отрасли [115772]
4148,Да,500,"18.07.2023 14:11:45",287075,"18.07.2023",Государственный сектор [115771],Я знаю специфику отрасли [115772]
3811,Да,500,"17.07.2023 20:37:09",286902,"17.07.2023",Государственный сектор [115771],Я знаю специфику отрасли [115772]
3811,Да,500,"17.07.2023 20:37:09",286903,"17.07.2023",ТЭК и добывающая промышленность [115766],Я знаю специфику отрасли [115772]
3811,Да,500,"17.07.2023 20:37:09",286904,"17.07.2023",Промышленное производство [115769],Я знаю специфику отрасли [115772]
3811,Да,500,"17.07.2023 20:37:09",286905,"17.07.2023",Транспорт и логистика [115768],Я знаю специфику отрасли [115772]
4240,Да,500,"17.07.2023 13:47:59",286733,"17.07.2023",Транспорт и логистика [115768],Я знаю специфику отрасли [115772]
4240,Да,500,"17.07.2023 13:47:59",286734,"17.07.2023",Транспорт и логистика [115768],Я знаю специфику отрасли [115772]
3790,Да,500,"16.07.2023 15:22:59",283535,"16.07.2023",Промышленное производство [115769],Я знаю специфику отрасли [115772]
3790,Да,500,"16.07.2023 15:22:59",283536,"16.07.2023",Розничная торговля и дистрибуция [115764],Я знаю специфику отрасли [115772]
3790,Да,500,"16.07.2023 15:22:59",283537,"16.07.2023",Связь и телекоммуникации [115767],Я знаю специфику отрасли [115772]
3790,Да,500,"16.07.2023 15:22:59",283538,"16.07.2023",Транспорт и логистика [115768],Я знаю специфику отрасли [115772]
3790,Да,500,"16.07.2023 15:22:59",283540,"16.07.2023",Финансовый сектор [115770],Я знаю специфику отрасли [115772]
3782,Да,500,"14.07.2023 16:53:17",283460,"14.07.2023",Транспорт и логистика [115768],Я знаю специфику отрасли [115772]
1429,Да,500,"14.07.2023 06:21:40",283270,"14.07.2023",Государственный сектор [115771],Я знаю специфику отрасли и переложил это на систему [115773]
1429,Да,500,"14.07.2023 06:21:40",283271,"14.07.2023",Транспорт и логистика [115768],"Я знаю специфику отрасли, могу переложить на систему, убедить клиента и реализовать [115774]"
3629,Да,500,"11.07.2023 17:45:35",282933,"01.07.2020",Государственный сектор [115771],Я знаю специфику отрасли [115772]
3629,Да,500,"11.07.2023 17:45:35",282934,"01.07.2011",Промышленное производство [115769],"Я знаю специфику отрасли, могу переложить на систему, убедить клиента и реализовать [115774]"
3629,Да,500,"11.07.2023 17:45:35",282935,"01.07.2011",Розничная торговля и дистрибуция [115764],"Я знаю специфику отрасли, могу переложить на систему, убедить клиента и реализовать [115774]"
2797,Да,500,"08.07.2023 20:37:34",237489,"29.08.2022",Промышленное производство [115769],""
2797,Да,500,"08.07.2023 20:37:34",237490,"29.08.2022",Фармацевтика и медицина [115765],""
2797,Да,500,"08.07.2023 20:37:34",237491,"29.08.2022",Транспорт и логистика [115768],""
2797,Да,500,"08.07.2023 20:37:34",237492,"29.08.2022",Финансовый сектор [115770],""
2797,Да,500,"08.07.2023 20:37:34",282297,"08.07.2023",Розничная торговля и дистрибуция [115764],Я знаю специфику отрасли [115772]
3439,Да,500,"07.07.2023 21:01:08",237500,"29.08.2022",Розничная торговля и дистрибуция [115764],""
3439,Да,500,"07.07.2023 21:01:08",237501,"29.08.2022",Фармацевтика и медицина [115765],""
3439,Да,500,"07.07.2023 21:01:08",237502,"29.08.2022",Финансовый сектор [115770],""
3439,Да,500,"07.07.2023 21:01:08",237504,"29.08.2022",Промышленное производство [115769],""
3731,Да,500,"04.07.2023 15:51:02",281555,"04.07.2023",Транспорт и логистика [115768],Я знаю специфику отрасли и переложил это на систему [115773]
1503,Да,500,"04.07.2023 15:11:28",281499,"04.07.2023",Финансовый сектор [115770],Я знаю специфику отрасли [115772]
1503,Да,500,"04.07.2023 15:11:28",281500,"04.07.2023",Государственный сектор [115771],Я знаю специфику отрасли [115772]
4082,Да,500,"04.07.2023 11:15:10",281389,"04.07.2023",Финансовый сектор [115770],"Я знаю специфику отрасли, могу переложить на систему, убедить клиента и реализовать [115774]"
2724,Да,500,"03.07.2023 17:32:58",281179,"03.07.2023",Розничная торговля и дистрибуция [115764],"Я знаю специфику отрасли, могу переложить на систему, убедить клиента и реализовать [115774]"
2724,Да,500,"03.07.2023 17:32:58",281181,"03.07.2023",Транспорт и логистика [115768],Я знаю специфику отрасли и переложил это на систему [115773]
3817,Да,500,"03.07.2023 11:07:55",281026,"16.10.2006",Розничная торговля и дистрибуция [115764],Я знаю специфику отрасли [115772]
3560,Да,500,"30.06.2023 16:02:31",178759,"30.06.2023",Финансовый сектор [115770],Я знаю специфику отрасли и переложил это на систему [115773]
3560,Да,500,"30.06.2023 16:02:31",178760,"30.06.2023",Транспорт и логистика [115768],Я знаю специфику отрасли и переложил это на систему [115773]
3560,Да,500,"30.06.2023 16:02:31",178761,"30.06.2023",Промышленное производство [115769],Я знаю специфику отрасли и переложил это на систему [115773]
3800,Да,500,"30.06.2023 16:00:42",280724,"01.01.2023",Транспорт и логистика [115768],Я знаю специфику отрасли [115772]
4096,Да,500,"13.06.2023 17:14:20",278085,"12.06.2023",Финансовый сектор [115770],Я знаю специфику отрасли и переложил это на систему [115773]
4217,Да,500,"13.06.2023 12:32:33",277948,"13.06.2023",Розничная торговля и дистрибуция [115764],"Я знаю специфику отрасли, могу переложить на систему, убедить клиента и реализовать [115774]"
4217,Да,500,"13.06.2023 12:32:32",277947,"13.06.2023",Розничная торговля и дистрибуция [115764],"Я знаю специфику отрасли, могу переложить на систему, убедить клиента и реализовать [115774]"
4228,Да,500,"11.06.2023 14:40:07",277801,"11.06.2023",Финансовый сектор [115770],Я знаю специфику отрасли и переложил это на систему [115773]
4188,Да,500,"07.06.2023 19:44:52",277546,"07.06.2023",Финансовый сектор [115770],Я знаю специфику отрасли и переложил это на систему [115773]
4178,Да,500,"07.06.2023 18:02:53",277493,"07.06.2023",Государственный сектор [115771],Я знаю специфику отрасли [115772]
4178,Да,500,"07.06.2023 18:02:53",277494,"07.06.2023",Финансовый сектор [115770],Я знаю специфику отрасли [115772]
3143,Да,500,"01.06.2023 21:16:50",276763,"01.06.2023",Промышленное производство [115769],Я знаю специфику отрасли [115772]
3143,Да,500,"01.06.2023 21:16:50",276764,"01.06.2023",Транспорт и логистика [115768],"Я знаю специфику отрасли, могу переложить на систему, убедить клиента и реализовать [115774]"
4112,Да,500,"01.06.2023 13:32:32",276673,"02.05.2023",Розничная торговля и дистрибуция [115764],"Я знаю специфику отрасли, могу переложить на систему, убедить клиента и реализовать [115774]"
4112,Да,500,"01.06.2023 13:32:32",276674,"09.05.2023",Финансовый сектор [115770],Я знаю специфику отрасли и переложил это на систему [115773]
4155,Да,500,"31.05.2023 17:06:10",276523,"31.05.2023",Розничная торговля и дистрибуция [115764],Я знаю специфику отрасли [115772]
4155,Да,500,"31.05.2023 17:06:10",276526,"31.05.2023",Финансовый сектор [115770],Я знаю специфику отрасли [115772]
4198,Да,500,"19.05.2023 10:06:34",274856,"19.05.2023",Финансовый сектор [115770],""
3909,Да,500,"11.05.2023 09:24:45",273677,"11.05.2023",Промышленное производство [115769],"Я знаю специфику отрасли, могу переложить на систему, убедить клиента и реализовать [115774]"
1060,Да,500,"29.08.2022 13:51:53",237626,"29.08.2022",Фармацевтика и медицина [115765],""
1060,Да,500,"29.08.2022 13:51:53",237627,"29.08.2022",Розничная торговля и дистрибуция [115764],""
1060,Да,500,"29.08.2022 13:51:53",237628,"29.08.2022",Промышленное производство [115769],""
1060,Да,500,"29.08.2022 13:51:53",237629,"29.08.2022",Государственный сектор [115771],""
1060,Да,500,"29.08.2022 13:51:52",237623,"29.08.2022",Транспорт и логистика [115768],""
2863,Да,500,"29.08.2022 13:12:47",237590,"29.08.2022",Розничная торговля и дистрибуция [115764],""
2863,Да,500,"29.08.2022 13:12:47",237591,"29.08.2022",Транспорт и логистика [115768],""
2955,Да,500,"29.08.2022 13:07:50",237574,"29.08.2022",Розничная торговля и дистрибуция [115764],""
2955,Да,500,"29.08.2022 13:07:50",237575,"29.08.2022",Фармацевтика и медицина [115765],""
2955,Да,500,"29.08.2022 13:07:50",237584,"29.08.2022",Промышленное производство [115769],""
505,Да,500,"29.08.2022 13:02:17",237565,"29.08.2022",Розничная торговля и дистрибуция [115764],""
505,Да,500,"29.08.2022 13:02:17",237566,"29.08.2022",Промышленное производство [115769],""
505,Да,500,"29.08.2022 13:02:17",237568,"29.08.2022",Финансовый сектор [115770],""
3396,Да,500,"29.08.2022 12:54:37",237556,"29.08.2022",Транспорт и логистика [115768],""
3396,Да,500,"29.08.2022 12:54:37",237557,"29.08.2022",Финансовый сектор [115770],""
1601,Да,500,"29.08.2022 12:41:36",237525,"29.08.2022",Фармацевтика и медицина [115765],""
1601,Да,500,"29.08.2022 12:41:36",237526,"29.08.2022",Розничная торговля и дистрибуция [115764],""
1601,Да,500,"29.08.2022 12:41:36",237529,"29.08.2022",Транспорт и логистика [115768],""
1601,Да,500,"29.08.2022 12:41:36",237530,"29.08.2022",Промышленное производство [115769],""
1601,Да,500,"29.08.2022 12:41:36",237534,"29.08.2022",Государственный сектор [115771],""
2797,Да,500,"29.08.2022 12:20:17",237488,"29.08.2022",Розничная торговля и дистрибуция [115764],""
1569,Да,500,"29.08.2022 11:49:07",237471,"29.08.2022",Финансовый сектор [115770],""
1569,Да,500,"29.08.2022 11:49:07",237472,"29.08.2022",Связь и телекоммуникации [115767],""
1569,Да,500,"29.08.2022 11:49:06",237468,"29.08.2022",Розничная торговля и дистрибуция [115764],""
1569,Да,500,"29.08.2022 11:49:06",237469,"29.08.2022",Транспорт и логистика [115768],""
1569,Да,500,"29.08.2022 11:49:06",237470,"29.08.2022",Фармацевтика и медицина [115765],""
316,Да,500,"29.08.2022 11:45:10",237459,"29.08.2022",Транспорт и логистика [115768],""
316,Да,500,"29.08.2022 11:45:10",237460,"29.08.2022",Фармацевтика и медицина [115765],""
316,Да,500,"29.08.2022 11:45:10",237463,"29.08.2022",Промышленное производство [115769],""
982,Да,500,"29.08.2022 11:38:59",237447,"29.08.2022",Транспорт и логистика [115768],""
982,Да,500,"29.08.2022 11:38:59",237448,"29.08.2022",Фармацевтика и медицина [115765],""
982,Да,500,"29.08.2022 11:38:59",237449,"29.08.2022",Промышленное производство [115769],""
982,Да,500,"29.08.2022 11:38:59",237451,"29.08.2022",Розничная торговля и дистрибуция [115764],""
1076,Да,500,"29.08.2022 11:31:50",237434,"29.08.2022",Транспорт и логистика [115768],""
1076,Да,500,"29.08.2022 11:31:50",237435,"29.08.2022",Фармацевтика и медицина [115765],""
1076,Да,500,"29.08.2022 11:31:50",237436,"29.08.2022",Розничная торговля и дистрибуция [115764],""
1076,Да,500,"29.08.2022 11:31:50",237437,"29.08.2022",Связь и телекоммуникации [115767],""
3573,Да,500,"29.08.2022 11:15:13",237418,"29.08.2022",Розничная торговля и дистрибуция [115764],""
3573,Да,500,"29.08.2022 11:15:13",237419,"29.08.2022",ТЭК и добывающая промышленность [115766],""
3573,Да,500,"29.08.2022 11:15:13",237420,"29.08.2022",Связь и телекоммуникации [115767],""
1625,Да,500,"29.08.2022 11:06:43",237407,"29.08.2022",Транспорт и логистика [115768],""
1625,Да,500,"29.08.2022 11:06:43",237408,"29.08.2022",Фармацевтика и медицина [115765],""
1625,Да,500,"29.08.2022 11:06:43",237409,"29.08.2022",Связь и телекоммуникации [115767],""
2748,Да,500,"29.08.2022 11:03:33",237402,"29.08.2022",Розничная торговля и дистрибуция [115764],""
2748,Да,500,"29.08.2022 11:03:33",237403,"29.08.2022",Фармацевтика и медицина [115765],""
2748,Да,500,"29.08.2022 11:03:33",237404,"29.08.2022",Транспорт и логистика [115768],""
2748,Да,500,"29.08.2022 11:03:33",237405,"29.08.2022",Финансовый сектор [115770],""
3043,Да,500,"24.08.2022 16:21:47",236960,"22.08.2022",Транспорт и логистика [115768],""
3043,Да,500,"24.08.2022 16:21:47",236961,"22.08.2022",Связь и телекоммуникации [115767],""
3043,Да,500,"24.08.2022 16:21:47",236962,"22.08.2022",Финансовый сектор [115770],""
3043,Да,500,"24.08.2022 16:21:47",236963,"22.08.2022",Розничная торговля и дистрибуция [115764],""
2837,Да,500,"23.08.2022 14:04:41",236831,"22.08.2022",Транспорт и логистика [115768],""
2837,Да,500,"23.08.2022 14:04:41",236832,"22.08.2022",Розничная торговля и дистрибуция [115764],""
2837,Да,500,"23.08.2022 14:04:41",236833,"22.08.2022",Финансовый сектор [115770],""
2837,Да,500,"23.08.2022 14:04:41",236835,"22.08.2022",Фармацевтика и медицина [115765],""
2837,Да,500,"23.08.2022 14:04:41",236836,"22.08.2022",Промышленное производство [115769],""
324,Да,500,"23.08.2022 13:25:07",236809,"22.08.2022",Государственный сектор [115771],""
324,Да,500,"23.08.2022 13:25:07",236810,"22.08.2022",Промышленное производство [115769],""
324,Да,500,"23.08.2022 13:25:07",236811,"22.08.2022",Фармацевтика и медицина [115765],""
324,Да,500,"23.08.2022 13:25:07",236813,"22.08.2022",ТЭК и добывающая промышленность [115766],""
324,Да,500,"23.08.2022 13:25:07",236814,"22.08.2022",Розничная торговля и дистрибуция [115764],""
2742,Да,500,"22.08.2022 16:39:47",236674,"22.08.2022",Розничная торговля и дистрибуция [115764],""
1117,Да,500,"22.08.2022 16:14:38",236649,"22.08.2022",Розничная торговля и дистрибуция [115764],""
1117,Да,500,"22.08.2022 16:14:38",236650,"22.08.2022",Транспорт и логистика [115768],""
1117,Да,500,"22.08.2022 16:14:38",236651,"22.08.2022",Финансовый сектор [115770],""
3632,Да,500,"22.08.2022 15:11:51",236611,"22.08.2022",Розничная торговля и дистрибуция [115764],""
3428,Да,500,"22.08.2022 13:14:53",236578,"22.08.2022",Финансовый сектор [115770],""
3428,Да,500,"22.08.2022 13:14:53",236579,"22.08.2022",Фармацевтика и медицина [115765],""
3428,Да,500,"22.08.2022 13:14:53",236580,"22.08.2022",Розничная торговля и дистрибуция [115764],""
3681,Да,500,"17.08.2022 11:28:43",236090,"17.08.2022",Розничная торговля и дистрибуция [115764],""
3352,Да,500,"16.08.2022 13:02:43",235902,"16.08.2022",Розничная торговля и дистрибуция [115764],""
1024,Да,500,"16.08.2022 12:40:54",235885,"16.08.2022",Промышленное производство [115769],""
1024,Да,500,"16.08.2022 12:40:54",235886,"16.08.2022",Транспорт и логистика [115768],""
3098,Да,500,"16.08.2022 12:04:09",235856,"16.08.2022",Финансовый сектор [115770],""
3011,Да,500,"16.08.2022 11:42:28",235824,"16.08.2022",Розничная торговля и дистрибуция [115764],""
3011,Да,500,"16.08.2022 11:42:28",235825,"16.08.2022",Транспорт и логистика [115768],""
111,Да,500,"16.08.2022 11:28:22",235804,"16.08.2022",Транспорт и логистика [115768],""
111,Да,500,"16.08.2022 11:28:22",235805,"16.08.2022",Промышленное производство [115769],""
111,Да,500,"16.08.2022 11:28:22",235806,"16.08.2022",Розничная торговля и дистрибуция [115764],""
111,Да,500,"16.08.2022 11:28:22",235807,"16.08.2022",Финансовый сектор [115770],""
946,Да,500,"16.08.2022 10:52:33",235780,"16.08.2022",Розничная торговля и дистрибуция [115764],""
1635,Да,500,"16.08.2022 10:35:17",235762,"16.08.2022",Финансовый сектор [115770],""
319,Да,500,"15.08.2022 15:07:05",235599,"15.08.2022",Розничная торговля и дистрибуция [115764],""
319,Да,500,"15.08.2022 15:07:05",235600,"15.08.2022",Связь и телекоммуникации [115767],""
319,Да,500,"15.08.2022 15:07:05",235601,"15.08.2022",ТЭК и добывающая промышленность [115766],""
319,Да,500,"15.08.2022 15:07:05",235602,"15.08.2022",Финансовый сектор [115770],""
1072,Да,500,"15.08.2022 13:29:56",235527,"15.08.2022",Розничная торговля и дистрибуция [115764],""
1072,Да,500,"15.08.2022 13:29:56",235528,"15.08.2022",Фармацевтика и медицина [115765],""
1072,Да,500,"15.08.2022 13:29:56",235529,"15.08.2022",Финансовый сектор [115770],""
1072,Да,500,"15.08.2022 13:29:56",235530,"15.08.2022",Связь и телекоммуникации [115767],""
1387,Да,500,"15.08.2022 13:28:12",235526,"15.08.2022",Фармацевтика и медицина [115765],""
1387,Да,500,"15.08.2022 13:28:11",235525,"15.08.2022",Розничная торговля и дистрибуция [115764],""
1412,Да,500,"15.08.2022 13:26:55",235522,"15.08.2022",Фармацевтика и медицина [115765],""
1412,Да,500,"15.08.2022 13:26:55",235523,"15.08.2022",Транспорт и логистика [115768],""
1412,Да,500,"15.08.2022 13:26:55",235524,"15.08.2022",Розничная торговля и дистрибуция [115764],""
275,Да,500,"15.08.2022 11:55:02",235429,"15.08.2022",Транспорт и логистика [115768],""
275,Да,500,"15.08.2022 11:55:02",235430,"15.08.2022",Фармацевтика и медицина [115765],""
275,Да,500,"15.08.2022 11:55:02",235431,"15.08.2022",Розничная торговля и дистрибуция [115764],""
771,Да,500,"15.08.2022 10:33:11",235379,"15.08.2022",Промышленное производство [115769],""
771,Да,500,"15.08.2022 10:33:11",235380,"15.08.2022",Транспорт и логистика [115768],""
771,Да,500,"15.08.2022 10:33:11",235381,"15.08.2022",Розничная торговля и дистрибуция [115764],""
3975,Да,500,"27.07.2022 11:19:58",232534,"",Розничная торговля и дистрибуция [115764],"Я знаю специфику отрасли, могу переложить на систему, убедить клиента и реализовать [115774]"
3975,Да,500,"27.07.2022 11:19:58",232535,"",Промышленное производство [115769],Я знаю специфику отрасли и переложил это на систему [115773]
3975,Да,500,"27.07.2022 11:19:58",232536,"",ТЭК и добывающая промышленность [115766],Я знаю специфику отрасли и переложил это на систему [115773]
3591,Да,500,"15.07.2022 14:36:21",231383,"",Транспорт и логистика [115768],Я знаю специфику отрасли [115772]
1140,Да,500,"11.07.2022 15:48:40",230935,"",Транспорт и логистика [115768],Я знаю специфику отрасли [115772]
102,Да,500,"15.06.2022 15:06:05",227424,"",Розничная торговля и дистрибуция [115764],"Я знаю специфику отрасли, могу переложить на систему, убедить клиента и реализовать [115774]"
102,Да,500,"15.06.2022 15:06:05",227425,"",Промышленное производство [115769],"Я знаю специфику отрасли, могу переложить на систему, убедить клиента и реализовать [115774]"
102,Да,500,"15.06.2022 15:06:05",227426,"",Транспорт и логистика [115768],"Я знаю специфику отрасли, могу переложить на систему, убедить клиента и реализовать [115774]"
102,Да,500,"15.06.2022 15:06:05",227427,"",ТЭК и добывающая промышленность [115766],"Я знаю специфику отрасли, могу переложить на систему, убедить клиента и реализовать [115774]"
102,Да,500,"15.06.2022 15:06:05",227428,"",Фармацевтика и медицина [115765],"Я знаю специфику отрасли, могу переложить на систему, убедить клиента и реализовать [115774]"
3580,Да,500,"05.05.2022 14:14:02",222604,"",Промышленное производство [115769],Я знаю специфику отрасли [115772]
3831,Да,500,"28.04.2022 16:47:54",222161,"",Розничная торговля и дистрибуция [115764],Я знаю специфику отрасли и переложил это на систему [115773]
3365,Да,500,"28.04.2022 13:16:07",222100,"",Транспорт и логистика [115768],Я знаю специфику отрасли [115772]
1289,Да,500,"14.04.2022 16:23:15",220245,"",Розничная торговля и дистрибуция [115764],Я знаю специфику отрасли [115772]
1289,Да,500,"14.04.2022 16:23:15",220246,"",Промышленное производство [115769],Я знаю специфику отрасли [115772]
1289,Да,500,"14.04.2022 16:23:15",220247,"",Транспорт и логистика [115768],Я знаю специфику отрасли [115772]
3435,Да,500,"01.04.2022 11:15:50",215733,"",Государственный сектор [115771],"Я знаю специфику отрасли, могу переложить на систему, убедить клиента и реализовать [115774]"
3435,Да,500,"01.04.2022 11:15:50",215734,"",Финансовый сектор [115770],Я знаю специфику отрасли и переложил это на систему [115773]
3435,Да,500,"01.04.2022 11:15:50",215735,"",Промышленное производство [115769],Я знаю специфику отрасли [115772]
3435,Да,500,"01.04.2022 11:15:50",215736,"",Розничная торговля и дистрибуция [115764],Я знаю специфику отрасли и переложил это на систему [115773]
3435,Да,500,"01.04.2022 11:15:50",215737,"",Фармацевтика и медицина [115765],"Я знаю специфику отрасли, могу переложить на систему, убедить клиента и реализовать [115774]"
3435,Да,500,"01.04.2022 11:15:50",215738,"",Связь и телекоммуникации [115767],Я знаю специфику отрасли [115772]
432,Да,500,"30.03.2022 15:02:12",215344,"",Транспорт и логистика [115768],Я знаю специфику отрасли [115772]
432,Да,500,"30.03.2022 15:02:11",215343,"",Розничная торговля и дистрибуция [115764],"Я знаю специфику отрасли, могу переложить на систему, убедить клиента и реализовать [115774]"
3744,Да,500,"25.03.2022 18:18:14",214646,"",Государственный сектор [115771],Я знаю специфику отрасли и переложил это на систему [115773]
3744,Да,500,"25.03.2022 18:18:14",214647,"",Финансовый сектор [115770],Я знаю специфику отрасли и переложил это на систему [115773]
3010,Да,500,"25.03.2022 16:13:13",214607,"",Фармацевтика и медицина [115765],Я знаю специфику отрасли и переложил это на систему [115773]
3010,Да,500,"25.03.2022 16:13:13",214608,"",Розничная торговля и дистрибуция [115764],Я знаю специфику отрасли и переложил это на систему [115773]
3010,Да,500,"25.03.2022 16:13:13",214609,"",Транспорт и логистика [115768],Я знаю специфику отрасли и переложил это на систему [115773]
3363,Да,500,"24.03.2022 20:05:29",214483,"",Транспорт и логистика [115768],Я знаю специфику отрасли [115772]
81,Да,500,"24.03.2022 15:31:16",214454,"",Транспорт и логистика [115768],Я знаю специфику отрасли и переложил это на систему [115773]
81,Да,500,"24.03.2022 15:31:16",214455,"",Розничная торговля и дистрибуция [115764],Я знаю специфику отрасли и переложил это на систему [115773]
81,Да,500,"24.03.2022 15:31:16",214456,"",Промышленное производство [115769],Я знаю специфику отрасли и переложил это на систему [115773]
3395,Да,500,"24.02.2022 13:38:48",210063,"",Связь и телекоммуникации [115767],Я знаю специфику отрасли [115772]
3395,Да,500,"24.02.2022 13:38:48",210064,"",Промышленное производство [115769],Я знаю специфику отрасли [115772]
3827,Да,500,"28.01.2022 10:55:48",208048,"",Транспорт и логистика [115768],Я знаю специфику отрасли [115772]
3116,Да,500,"17.09.2021 16:53:21",193924,"",Транспорт и логистика [115768],"Я знаю специфику отрасли, могу переложить на систему, убедить клиента и реализовать [115774]"
3478,Да,500,"28.04.2021 11:41:46",179057,"",Финансовый сектор [115770],Я знаю специфику отрасли и переложил это на систему [115773]
3478,Да,500,"28.04.2021 11:41:46",179058,"",Розничная торговля и дистрибуция [115764],Я знаю специфику отрасли и переложил это на систему [115773]
3478,Да,500,"28.04.2021 11:41:46",179059,"",Промышленное производство [115769],Я знаю специфику отрасли [115772]
3259,Да,500,"27.04.2021 20:57:25",178911,"",Фармацевтика и медицина [115765],"Я знаю специфику отрасли, могу переложить на систему, убедить клиента и реализовать [115774]"
3259,Да,500,"27.04.2021 20:57:25",178912,"",Розничная торговля и дистрибуция [115764],Я знаю специфику отрасли и переложил это на систему [115773]
3259,Да,500,"27.04.2021 20:57:25",178913,"",Транспорт и логистика [115768],"Я знаю специфику отрасли, могу переложить на систему, убедить клиента и реализовать [115774]"
3310,Да,500,"27.04.2021 15:57:03",178834,"",Связь и телекоммуникации [115767],"Я знаю специфику отрасли, могу переложить на систему, убедить клиента и реализовать [115774]"
3310,Да,500,"27.04.2021 15:57:03",178835,"",Государственный сектор [115771],Я знаю специфику отрасли и переложил это на систему [115773]
3310,Да,500,"27.04.2021 15:57:03",178836,"",Фармацевтика и медицина [115765],Я знаю специфику отрасли и переложил это на систему [115773]
3310,Да,500,"27.04.2021 15:57:03",178837,"",Розничная торговля и дистрибуция [115764],Я знаю специфику отрасли и переложил это на систему [115773]
3094,Да,500,"27.04.2021 15:48:28",178786,"",Розничная торговля и дистрибуция [115764],Я знаю специфику отрасли [115772]
3094,Да,500,"27.04.2021 15:48:28",178790,"",Финансовый сектор [115770],Я знаю специфику отрасли и переложил это на систему [115773]
3284,Да,500,"27.04.2021 15:42:49",178782,"",Розничная торговля и дистрибуция [115764],"Я знаю специфику отрасли, могу переложить на систему, убедить клиента и реализовать [115774]"
3284,Да,500,"27.04.2021 15:42:49",178783,"",Транспорт и логистика [115768],Я знаю специфику отрасли [115772]
174,Да,500,"06.04.2021 14:30:34",152745,"",Транспорт и логистика [115768],Я знаю специфику отрасли и переложил это на систему [115773]
174,Да,500,"06.04.2021 14:30:34",152746,"",ТЭК и добывающая промышленность [115766],Я знаю специфику отрасли и переложил это на систему [115773]
1702,Да,500,"24.03.2021 16:17:06",151865,"",Промышленное производство [115769],"Я знаю специфику отрасли, могу переложить на систему, убедить клиента и реализовать [115774]"
1702,Да,500,"24.03.2021 16:17:06",151866,"",Финансовый сектор [115770],Я знаю специфику отрасли и переложил это на систему [115773]
1702,Да,500,"24.03.2021 16:17:06",151867,"",ТЭК и добывающая промышленность [115766],Я знаю специфику отрасли [115772]
