"id","Дата рождения","активность","пол","фамилия","имя","Последняя авторизация","должность","цфо","Дата регистрации","Дата изменения","подразделения","E-Mail","логин","компания","Город проживания"
60,"",Да,"","","","12.01.2024 09:25:49",Руководитель направления,DAR,"","",. . . . Направление DG&DQ,"","","",""
174,"",Да,"","","","11.01.2024 12:50:39",Старший аналитик,DAR,"","",. . . . . . Импортозамещенные технологии BI: Центр компетенций,"","","",""
220,"",Нет,"","","","20.08.2021 16:31:37",Руководитель направления «K-Point»,DAR,"","",. . Департамент аналитических решений,"","","",""
275,"",Да,"","","","12.01.2024 09:39:45",Руководитель центра компетенций,DAR,"","",. . . . . . Бизнес-аналитика по работе с гос.компаниями: Центр компетенций,"","","",""
289,"",Нет,"","","","17.12.2018 19:36:15",Менеджер проектов,DAR,"","",. . . . Направление BI,"","","",""
300,"",Нет,"","","","17.07.2019 07:49:30",Старший консультант,DAR,"","",. . . . . . Qlik: Центр компетенций,"","","",""
305,"",Нет,"","","","",Старший программист,DAR,"","",. . Департамент аналитических решений,"","","",""
312,"",Да,"","","","10.01.2024 11:54:37",Архитектор,DAR,"","",. . . . . . Microsoft: Центр компетенций,"","","",""
316,"",Да,"","","","29.12.2023 08:38:36",Старший консультант,DAR,"","",. . . . . . Группа СА РЖД,"","","",""
319,"",Да,"","","","19.10.2023 11:40:02",Старший консультант,DAR,"","",. . . . . . Qlik: Центр компетенций,"","","",""
324,"",Да,"","","","19.12.2023 18:42:29",Руководитель портфеля проектов,DAR,"","",. . . . . Группа управления проектами,"","","",""
326,"",Нет,"","","","05.02.2021 20:00:00",Менеджер проектов,DAR,"","",. . . . Направление BI,"","","",""
369,"",Да,"","","","28.12.2023 18:29:21",Старший консультант,DAR,"","",. . . . . . Qlik: Центр компетенций,"","","",""
382,"",Да,"","","","29.12.2023 11:36:10",Руководитель центра компетенций,DAR,"","",. . . . . . Qlik: Центр компетенций,"","","",""
411,"",Нет,"","","","20.05.2020 15:42:57",Консультант-эксперт,ERP,"","",. . Департамент аналитических решений,"","","",""
445,"",Да,"","","","11.01.2024 11:58:26",Директор по развитию бизнеса,DAR,"","",". . . Sales, Marketing & Business Development / SMBD","","","",""
450,"",Да,"","","","14.12.2016 19:19:52",Менеджер по работе с корпоративными клиентами,DAR,"","",". . . Sales, Marketing & Business Development / SMBD","","","",""
499,"",Нет,"","","","01.09.2023 17:45:18",Руководитель направления систем оптимизации,DAR,"","",. . . . Направление BI,"","","",""
505,"",Да,"","","","11.01.2024 16:27:02",Старший бизнес-аналитик,DAR,"","",. . . . . . Бизнес-аналитика. Общая практика,"","","",""
517,"",Да,"","","","11.01.2024 21:46:48",Руководитель группы аналитики,DAR,"","",. . . . . . Группа СА РЖД,"","","",""
536,"",Да,"","","","12.01.2024 09:27:00",Директор по развитию бизнеса,DAR,"","",". . . Sales, Marketing & Business Development / SMBD","","","",""
647,"",Да,"","","","12.01.2024 09:48:03",Бизнес-аналитик,DAR,"","",. . . . . . Бизнес-аналитика по работе с гос.компаниями: Центр компетенций,"","","",""
769,"",Да,"","","","26.07.2023 18:41:02",Консультант,DAR,"","",. . Департамент аналитических решений,"","","",""
773,"",Нет,"","","","21.01.2022 09:57:20",Старший консультант,DAR,"","",. . . . . . Qlik: Центр компетенций,"","","",""
804,"",Нет,"","","","28.02.2020 16:42:16",Консультант,DAR,"","",. . Департамент аналитических решений,"","","",""
833,"",Нет,"","","","29.05.2019 15:09:14",Разработчик,DAR,"","",. . . . Направление BI,"","","",""
886,"",Да,"","","","11.09.2023 11:27:46",Архитектор,DAR,"","",. . . . . Data Platform: Центр компетенций,"","","",""
901,"",Да,"","","","11.01.2024 14:57:53",Менеджер по маркетингу,DAR,"","",". . . Sales, Marketing & Business Development / SMBD","","","",""
940,"",Нет,"","","","10.08.2017 21:39:04",Старший аналитик,"","","",. . . . . . Бизнес-аналитика общей практики: Центр компетенций,"","","",""
946,"",Да,"","","","20.10.2023 12:41:35",Старший специалист по машинному обучению,DAR,"","",. . . . . Data Platform: Центр компетенций,"","","",""
982,"",Да,"","","","08.11.2023 13:16:22",Старший разработчик,DAR,"","",. . . . . . Импортозамещенные технологии BI: Центр компетенций,"","","",""
984,"",Нет,"","","","04.06.2019 11:48:56",Консультант,DAR,"","",. . . . . . Qlik: Центр компетенций,"","","",""
985,"",Нет,"","","","31.03.2020 14:31:48",Старший консультант,DAR,"","",. . . . . . Qlik: Центр компетенций,"","","",""
987,"",Нет,"","","","25.10.2021 14:09:42",Консультант,DAR,"","",. . . . . . Qlik: Центр компетенций,"","","",""
991,"",Нет,"","","","22.07.2020 20:43:52",Консультант,DAR,"","",. . . . . . Qlik: Центр компетенций,"","","",""
992,"",Нет,"","","","10.04.2017 13:44:42","","","","",. . Департамент аналитических решений,"","","",""
999,"",Нет,"","","","04.02.2021 16:56:43",Старший аналитик,DAR,"","",. . . . Направление DG&DQ,"","","",""
1024,"",Да,"","","","11.01.2024 17:12:54",Владелец продукта,DAR,"","",. . . Направление СКИМ,"","","",""
1032,"",Нет,"","","","10.04.2020 12:17:00",Младший разработчик,DAR,"","",. . Департамент аналитических решений,"","","",""
1046,"",Да,"","","","10.01.2024 11:35:51",Владелец продукта,DAR,"","",. . . Направление СКИМ,"","","",""
1578,"",Нет,"","","","12.02.2021 23:11:57",Эксперт по анализу данных,DAR,"","",. . Департамент аналитических решений,"","","",""
1054,"",Да,"","","","11.01.2024 10:54:13",Технический руководитель направления BI,DAR,"","",. . . . . . Импортозамещенные технологии BI: Центр компетенций / . . . . . Группа Центров Компетенций / . . . . Направление BI,"","","",""
1060,"",Да,"","","","12.01.2024 09:58:42",Руководитель портфеля проектов,DAR,"","",. . . . Центр компетенций по управлению проектами РЖД / PM,"","","",""
1062,"",Да,"","","","27.12.2023 16:35:51",Старший разработчик,DAR,"","",. . . . . . Data Platform группа #1,"","","",""
1063,"",Да,"","","","12.01.2024 10:46:01",Руководитель направления,DAR,"","",. . . . Направление DWH&ML,"","","",""
1064,"",Нет,"","","","24.12.2018 11:33:21","Аналитик,Департамент систем бизнес-аналитики","","","",. . . . Направление BI,"","","",""
1067,"",Нет,"","","","05.04.2021 10:11:14",Старший разработчик,DAR,"","",. . . . Направление DWH&ML,"","","",""
1068,"",Нет,"","","","18.05.2022 12:55:33",Бизнес-аналитик,DAR,"","",. . . . Направление DWH&ML,"","","",""
1070,"",Нет,"","","","30.04.2021 10:19:39",Руководитель направления,DAR,"","",. . Департамент аналитических решений,"","","",""
1071,"",Нет,"","","","19.11.2020 22:33:28",Системный аналитик,DAR,"","",. . . . Направление DWH&ML,"","","",""
1072,"",Да,"","","","07.11.2023 11:22:10",Аналитик,DAR,"","",. . . . . . Бизнес-аналитика. Общая практика,"","","",""
1076,"",Да,"","","","10.01.2024 11:55:49",старший системный аналитик,DAR,"","",. . . . . . Группа СА РЖД,"","","",""
1077,"",Да,"","","","02.06.2020 11:44:04",Разработчик,DAR,"","",. . . . Направление DWH&ML,"","","",""
1117,"",Нет,"","","","06.12.2022 13:14:30",Ведущий разработчик,DAR,"","",. . . . Направление DWH&ML,"","","",""
1137,"",Нет,"","","","13.08.2019 10:11:54",Бизнес-аналитик,DAR,"","",. . . . Направление DG&DQ,"","","",""
1161,"",Нет,"","","","03.05.2018 09:34:37",Младший консультант,DAR,"","",. . . . Направление DWH&ML,"","","",""
1163,"",Да,"","","","11.01.2024 12:46:27",Старший финансовый специалист,DAR,"","",. . . Административно-финансовая служба,"","","",""
1207,"",Нет,"","","","15.12.2020 00:10:28",Бизнес-аналитик,DAR,"","",. . . . Направление DG&DQ,"","","",""
1209,"",Нет,"","","","14.02.2022 16:22:03",Старший консультант,DAR,"","",. . . . . . Qlik: Центр компетенций,"","","",""
1212,"",Нет,"","","","01.10.2019 12:03:29",Бизнес-аналитик,DAR,"","",. . . . . . Microsoft: Центр компетенций,"","","",""
1235,"",Нет,"","","","15.01.2020 17:42:20",Младший консультант,DAR,"","",. . . . . . Qlik: Центр компетенций,"","","",""
1267,"",Нет,"","","","04.03.2022 13:31:46",Бизнес-аналитик,DAR,"","",. . . . Направление BI,"","","",""
1283,"",Да,"","","","10.01.2024 18:35:56",Старший руководитель проектов,DAR,"","",. . . . . Группа Центров Компетенций 2,"","","",""
1289,"",Да,"","","","27.12.2022 20:32:45",Бизнес эксперт,DAR,"","",". . . Sales, Marketing & Business Development / SMBD","","","",""
1335,"",Да,"","","","10.01.2024 14:25:01",Дизайнер,DAR,"","",. . . . . Группа Центров Компетенций 2,"","","",""
1370,"",Да,"","","","28.11.2023 13:41:29",Младший консультант,DAR,"","",. . . . . . Qlik: Центр компетенций,"","","",""
1387,"",Да,"","","","27.11.2023 11:41:15",Руководитель направления Ценообразование,DAR,"","",. . . . KeepRise,"","","",""
1411,"",Да,"","","","11.01.2024 17:04:12",Специалист по внутренним коммуникациям и проектам,DAR,"","",. . . Группа управления персоналом,"","","",""
1412,"",Нет,"","","","12.04.2023 11:33:34",старший системный аналитик,DAR,"","",. . . . Направление DWH&ML,"","","",""
1429,"",Да,"","","","27.12.2023 11:57:41",Архитектор UI/UX,DAR,"","",. . . . . Группа Центров Компетенций,"","","",""
1431,"",Нет,"","","","31.08.2023 13:43:42",Старший консультант,DAR,"","",. . . . . Data Platform: Центр компетенций,"","","",""
1457,"",Нет,"","","","24.04.2020 12:20:26",Разработчик,DAR,"","",. . . . . . Microsoft: Центр компетенций,"","","",""
1459,"",Нет,"","","","12.12.2023 08:58:56",Системный архитектор,DAR,"","",. . . . . Data Platform: Центр компетенций,"","","",""
1475,"",Нет,"","","","30.04.2021 12:34:38",Специалист по машинному обучению,DAR,"","",. . . . Направление DWH&ML,"","","",""
1479,"",Нет,"","","","08.02.2019 10:31:45",Менеджер по работе с корпоративными клиентами,DAR,"","",. . Департамент аналитических решений,"","","",""
1503,"",Да,"","","","12.01.2024 11:11:38",Старший аналитик,DAR,"","",. . . . . . Бизнес-аналитика. Общая практика,"","","",""
1504,"",Нет,"","","","08.09.2019 15:56:12",Младший консультант,DAR,"","",. . . . . . Qlik: Центр компетенций,"","","",""
1505,"",Нет,"","","","28.06.2019 12:44:17",Младший консультант,DAR,"","",. . . . Направление BI,"","","",""
1508,"",Нет,"","","","02.08.2019 10:29:25",Старший аналитик,DAR,"","",. . . . Направление BI,"","","",""
1509,"",Нет,"","","","19.07.2019 14:22:41",Руководитель проектов,DAR,"","",. . . . Направление BI,"","","",""
1513,"",Нет,"","","","24.03.2021 22:45:48",Старший разработчик,DAR,"","",. . . . . . Microsoft: Центр компетенций,"","","",""
1517,"",Да,"","","","15.06.2019 17:26:37",Консультант систем бизнес-аналитики,DAR,"","",. . . . . Группа Центров Компетенций,"","","",""
1534,"",Нет,"","","","19.10.2020 08:59:52",Менеджер по развитию бизнеса,DAR,"","",". . . Sales, Marketing & Business Development / SMBD","","","",""
1540,"",Нет,"","","","24.03.2022 17:04:47",Старший разработчик,DAR,"","",. . . . . . Microsoft: Центр компетенций,"","","",""
1563,"",Да,"","","","09.01.2024 08:29:56",Консультант систем бизнес-аналитики,DAR,"","",. . . . . Группа Центров Компетенций,"","","",""
1566,"",Нет,"","","","18.01.2021 17:21:18",Разработчик,DAR,"","",. . . . . . Qlik: Центр компетенций,"","","",""
1569,"",Нет,"","","","13.01.2023 09:46:35",Куратор проектов,DAR,"","",. . Департамент аналитических решений,"","","",""
1580,"",Нет,"","","","19.04.2019 11:17:13",Разработчик,DAR,"","",. . . . Направление DWH&ML,"","","",""
1587,"",Нет,"","","","22.07.2021 23:31:51",Руководитель проектов,DAR,"","",. . . . Направление DG&DQ,"","","",""
1591,"",Да,"","","","11.01.2024 15:27:39",Руководитель проектов,DAR,"","",. . . . . Группа управления проектами,"","","",""
1598,"",Нет,"","","","10.12.2020 14:26:43",Директор по работе с клиентами,DAR,"","",". . . Sales, Marketing & Business Development / SMBD","","","",""
1601,"",Да,"","","","10.01.2024 16:48:44",Старший аналитик,DAR,"","",". . . Sales, Marketing & Business Development / SMBD","","","",""
1610,"",Нет,"","","","29.10.2019 12:34:52",Младший консультант,DAR,"","",. . . . . . Qlik: Центр компетенций,"","","",""
1611,"",Нет,"","","","27.05.2020 15:18:09",Бизнес эксперт,DAR,"","",. . Департамент аналитических решений,"","","",""
1613,"",Нет,"","","","30.04.2021 09:49:39",Младший консультант,DAR,"","",. . . . . . Qlik: Центр компетенций,"","","",""
1625,"",Да,"","","","09.01.2024 10:18:48",Аналитик,DAR,"","",. . . . . . Группа СА РЖД,"","","",""
1635,"",Да,"","","","09.01.2024 13:21:41",Старший консультант,DAR,"","",. . . . . . Qlik: Центр компетенций,"","","",""
1636,"",Нет,"","","","30.06.2023 11:55:03",Руководитель направления,DAR,"","",. . . . Направление BI,"","","",""
1643,"",Да,"","","","27.11.2023 19:58:18",Разработчик,DAR,"","",. . . . . . Microsoft: Центр компетенций,"","","",""
1649,"",Да,"","","","10.01.2024 16:00:19",Инженер по автоматизации технологических процессов,DAR,"","",. . . . . . Импортозамещенные технологии BI: Центр компетенций,"","","",""
1650,"",Нет,"","","","05.10.2023 11:19:52",Консультант-разработчик,DAR,"","",. . . . . . Импортозамещенные технологии BI: Центр компетенций,"","","",""
2127,"",Нет,"","","","",руководитель проектов,"","","",. . . . Направление DG&DQ,"","","",""
2273,"",Нет,"","","","",Консультант систем бизнес-аналитики,DAR,"","",. . . . Направление BI,"","","",""
2718,"",Да,"","","","21.12.2023 11:21:51",Менеджер по развитию бизнеса,DAR,"","",. . . . KeepRise,"","","",""
2719,"",Нет,"","","","26.07.2019 12:51:03",Консультант,DAR,"","",. . . . . . Qlik: Центр компетенций,"","","",""
2724,"",Да,"","","","11.01.2024 14:56:33",Владелец продукта,DAR,"","",. . . Направление СКИМ,"","","",""
2735,"",Нет,"","","","29.09.2021 01:28:54",Младший консультант,DAR,"","",. . . . . . Qlik: Центр компетенций,"","","",""
2742,"",Да,"","","","11.01.2024 14:58:58",Младший консультант,DAR,"","",. . . . . . Qlik: Центр компетенций,"","","",""
2748,"",Да,"","","","18.12.2023 14:52:32",Аналитик,DAR,"","",. . . . . Системная Аналитика: Центр компетенций,"","","",""
2758,"",Нет,"","","","15.02.2021 17:38:49",Разработчик,DAR,"","",. . . . . . Импортозамещенные технологии BI: Центр компетенций,"","","",""
2797,"",Нет,"","","","01.09.2023 14:05:57",Старший аналитик,DAR,"","",. . . . . . Бизнес-аналитика общей практики: Центр компетенций,"","","",""
2798,"",Нет,"","","","22.11.2021 16:59:46",Младший консультант,DAR,"","",. . . . . . Qlik: Центр компетенций,"","","",""
2800,"",Да,"","","","25.12.2023 16:31:28",Консультант,DAR,"","",. . . . . . Qlik: Центр компетенций,"","","",""
2815,"",Нет,"","","","19.01.2021 14:26:03",Руководитель проектов,DAR,"","",. . . . Направление BI,"","","",""
2829,"",Нет,"","","","11.06.2020 01:18:25",Младший разработчик BI,DAR,"","",. . . . . . Microsoft: Центр компетенций,"","","",""
2837,"",Нет,"","","","03.11.2023 16:41:13",Системный аналитик,DAR,"","",. . . . . . Группа СА РЖД,"","","",""
2843,"",Нет,"","","","24.12.2021 09:23:15",Старший аналитик,DAR,"","",. . . . Направление BI,"","","",""
2848,"",Нет,"","","","13.08.2019 15:52:07",Технический руководитель проектов,DAR,"","",. . . . . . Microsoft: Центр компетенций,"","","",""
2849,"",Нет,"","","","20.04.2023 10:28:33",Ведущий менеджер по персоналу,DAR,"","",. . Департамент аналитических решений,"","","",""
2861,"",Нет,"","","","03.06.2020 13:22:11",Младший разработчик,DAR,"","",. . . . . . Импортозамещенные технологии BI: Центр компетенций,"","","",""
2863,"",Да,"","","","29.12.2023 09:45:36",Разработчик,DAR,"","",. . . . . . Data Platform группа #3,"","","",""
2874,"",Да,"","","","05.12.2022 09:50:22",Архитектор решений,DAR,"","",. . . . Направление DWH&ML,"","","",""
2879,"",Да,"","","","11.12.2023 18:07:19",Старший консультант,DAR,"","",. . . . . . Qlik: Центр компетенций,"","","",""
2883,"",Нет,"","","","14.09.2023 12:57:09",Старший бизнес-аналитик,DAR,"","",. . . . . . Бизнес-аналитика общей практики: Центр компетенций,"","","",""
2890,"",Нет,"","","","14.08.2019 16:50:56",Аналитик,DAR,"","",. . . . Направление DWH&ML,"","","",""
2901,"",Да,"","","","22.12.2023 16:59:37",Аналитик,DAR,"","",. . . . . . Бизнес-аналитика. Общая практика,"","","",""
2904,"",Нет,"","","","02.11.2021 14:39:18",Ведущий аналитик,DAR,"","",. . . . Направление DG&DQ,"","","",""
2928,"",Нет,"","","","28.07.2022 11:09:45",Инженер по качеству,DAR,"","",. . . . . Тестирование DWH / QA: Центр компетенций,"","","",""
2955,"",Да,"","","","14.02.2023 00:58:30",Бизнес-аналитик,DAR,"","",. . . . KeepRise,"","","",""
2977,"",Нет,"","","","25.10.2019 09:49:32",Руководитель проектов,DAR,"","",. . . . Направление DG&DQ,"","","",""
2984,"",Нет,"","","","10.02.2021 12:34:30",Младший разработчик,DAR,"","",. . . . . . Microsoft: Центр компетенций,"","","",""
2986,"",Да,"","","","26.12.2023 13:27:12",Менеджер по сопровождению,DAR,"","",. . . Направление СКИМ,"","","",""
3011,"",Да,"","","","22.11.2023 12:46:17",Технический лидер,DAR,"","",. . . . . . Data Platform группа #1,"","","",""
3016,"",Нет,"","","","18.12.2020 15:10:12",Старший разработчик,DAR,"","",. . . . . . Qlik: Центр компетенций,"","","",""
3023,"",Нет,"","","","03.11.2021 16:52:35",Руководитель проектов,DAR,"","",. . . . Направление BI,"","","",""
3043,"",Да,"","","","10.01.2024 17:50:59",Разработчик,DAR,"","",. . . . . Data Platform: Центр компетенций,"","","",""
4461,"",Да,"","","","",Разработчик,"","","",. . . . A2 Consulting,"","","",""
3047,"",Да,"","","","02.10.2023 14:45:50",Консультант,DAR,"","",. . . . . . Qlik: Центр компетенций,"","","",""
3054,"",Нет,"","","","01.06.2020 16:04:54",Старший разработчик,DAR,"","",. . . . . . Microsoft: Центр компетенций,"","","",""
3057,"",Нет,"","","","04.05.2021 11:16:35",Ведущий аналитик,DAR,"","",. . . . Направление BI,"","","",""
3091,"",Нет,"","","","11.04.2021 16:32:44",Руководитель направления,DAR,"","",. . Департамент аналитических решений,"","","",""
3094,"",Да,"","","","13.12.2023 16:20:17",Технический лидер,DAR,"","",. . . . . . . Microsoft BI,"","","",""
3098,"",Да,"","","","04.12.2023 14:24:21",Старший аналитик,DAR,"","",. . . . . . Бизнес-аналитика. Общая практика,"","","",""
3105,"",Да,"","","","29.12.2023 08:22:50",Разработчик,DAR,"","",. . . . . . Импортозамещенные технологии BI: Центр компетенций,"","","",""
3116,"",Да,"","","","09.01.2024 10:39:55",Аналитик,DAR,"","",. . . . . . Бизнес-аналитика по работе с гос.компаниями: Центр компетенций,"","","",""
3121,"",Да,"","","","11.01.2024 12:11:53",Финансовый специалист,DAR,"","",. . . Административно-финансовая служба,"","","",""
3132,"",Нет,"","","","15.12.2020 16:01:49",Менеджер по развитию бизнеса,DAR,"","",. . . . Направление BI,"","","",""
3136,"",Нет,"","","","22.11.2019 17:29:02",Консультант,"","","",. . Департамент аналитических решений,"","","",""
3137,"",Нет,"","","","10.12.2019 10:33:16",Младший аналитик,DAR,"","",. . . . Направление DG&DQ,"","","",""
3138,"",Нет,"","","","20.05.2021 08:48:44",Разработчик,DAR,"","",. . . . . . Импортозамещенные технологии BI: Центр компетенций,"","","",""
3142,"",Нет,"","","","09.02.2021 16:50:20",Руководитель проектов,DAR,"","",. . . . KeepRise,"","","",""
3151,"",Нет,"","","","06.07.2020 11:38:00",Системный аналитик,DAR,"","",. . . . Направление DG&DQ,"","","",""
3152,"",Нет,"","","","02.09.2020 13:47:03",Старший аналитик,DAR,"","",. . . . Направление DG&DQ,"","","",""
3154,"",Нет,"","","","23.09.2020 14:08:24",Младший тестировщик,DAR,"","",. . . . . Тестирование DWH / QA: Центр компетенций,"","","",""
3170,"",Нет,"","","","22.01.2021 09:34:55",Тестировщик,DAR,"","",. . . . . Тестирование DWH / QA: Центр компетенций,"","","",""
3181,"",Нет,"","","","05.08.2022 13:56:58",Младший консультант,DAR,"","",. . . . . . Microsoft: Центр компетенций,"","","",""
3187,"",Да,"","","","09.01.2024 16:56:54",Руководитель проектов,DAR,"","",. . . . Центр компетенций по управлению проектами РЖД / PM,"","","",""
3188,"",Да,"","","","10.02.2022 13:02:32",Младший аналитик,DAR,"","",. . . . . . Бизнес-аналитика по работе с гос.компаниями: Центр компетенций,"","","",""
3190,"",Нет,"","","","11.08.2021 12:35:54",Аналитик,DAR,"","",. . . . Направление DG&DQ,"","","",""
3194,"",Нет,"","","","17.05.2021 09:16:54",Специалист по машинному обучению,DAR,"","",. . . . Направление DWH&ML,"","","",""
3200,"",Нет,"","","","28.12.2021 16:17:04",Руководитель центра компетенций,DAR,"","",. . . . . . Microsoft: Центр компетенций,"","","",""
3205,"",Нет,"","","","12.05.2022 15:01:45",Тестировщик,DAR,"","",. . . . . Тестирование DWH / QA: Центр компетенций,"","","",""
3219,"",Да,"","","","29.12.2023 10:06:16",Руководитель проектов,DAR,"","",. . . . Центр компетенций по управлению проектами РЖД / PM,"","","",""
3239,"",Нет,"","","","01.02.2021 12:09:30",Дизайнер,DAR,"","",. . Департамент аналитических решений,"","","",""
3242,"",Нет,"","","","03.02.2021 17:18:00",Аналитик,DAR,"","",. . Департамент аналитических решений,"","","",""
3246,"",Нет,"","","","17.02.2021 17:56:39",Руководитель проектов,DAR,"","",. . Департамент аналитических решений,"","","",""
3259,"",Нет,"","","","09.08.2021 14:18:55",Руководитель проектов,DAR,"","",. . . . Направление DWH&ML,"","","",""
3273,"",Нет,"","","","29.05.2023 12:13:29",Старший бизнес-аналитик,DAR,"","",. . . . Направление DG&DQ,"","","",""
3276,"",Нет,"","","","10.09.2020 15:43:22",Разработчик,DAR,"","",. . . . . . Импортозамещенные технологии BI: Центр компетенций,"","","",""
3281,"",Нет,"","","","18.02.2022 12:51:42",Разработчик,DAR,"","",. . . . . . Microsoft: Центр компетенций,"","","",""
3282,"",Да,"","","","06.09.2023 10:19:38",Разработчик,DAR,"","",. . . . . Data Platform: Центр компетенций,"","","",""
3284,"",Да,"","","","10.01.2024 15:14:42",Инженер данных,DAR,"","",. . . . . . Data Platform группа #1,"","","",""
3292,"",Нет,"","","","06.09.2021 11:39:20",Младший разработчик,DAR,"","",. . . . . . Импортозамещенные технологии BI: Центр компетенций,"","","",""
3307,"",Да,"","","","09.01.2024 11:43:30",Операционный директор,DAR,"","",. . . Consulting & Delivery,"","","",""
3308,"",Нет,"","","","14.10.2020 10:01:43",Младший разработчик,DAR,"","",. . . . . . Microsoft: Центр компетенций,"","","",""
3310,"",Да,"","","","10.01.2024 10:06:03",Архитектор решений,DAR,"","",. . . . . Data Platform: Центр компетенций,"","","",""
3315,"",Нет,"","","","25.04.2022 15:41:12",Разработчик,DAR,"","",. . . . . . Импортозамещенные технологии BI: Центр компетенций,"","","",""
3352,"",Да,"","","","09.01.2024 19:37:42",Разработчик,DAR,"","",. . . . . . . Microsoft BI,"","","",""
3377,"",Нет,"","","","24.11.2022 18:43:03",Консультант,DAR,"","",. . . . KeepRise,"","","",""
3378,"",Нет,"","","","26.02.2021 12:49:02",Менеджер по развитию бизнеса,DAR,"","",. . . . Направление BI,"","","",""
3396,"",Да,"","","","10.01.2024 16:47:50",Разработчик,DAR,"","",. . . . . . Data Platform группа #3,"","","",""
3416,"",Нет,"","","","14.09.2022 11:17:47",Разработчик,DAR,"","",. . . . . . Импортозамещенные технологии BI: Центр компетенций,"","","",""
3417,"",Да,"","","","03.01.2024 20:42:24",Руководитель проектного офиса,DAR,"","",. . . . . Группа управления проектами,"","","",""
3420,"",Да,"","","","21.12.2023 09:18:10",Технический лидер,DAR,"","",. . . . . . Импортозамещенные технологии BI: Центр компетенций,"","","",""
3426,"",Нет,"","","","13.12.2021 16:59:17",Руководитель проектов,DAR,"","",. . . . Направление BI,"","","",""
3427,"",Да,"","","","27.12.2023 19:26:43",Руководитель центра компетенций,DAR,"","",. . . . Направление DG&DQ,"","","",""
3428,"",Да,"","","","03.11.2023 17:43:46",Разработчик,DAR,"","",. . . . . . . Microsoft BI,"","","",""
3433,"",Нет,"","","","29.07.2021 08:47:02",Аналитик,DAR,"","",. . . . Направление DG&DQ,"","","",""
3442,"",Нет,"","","","17.02.2022 10:41:03",Ведущий аналитик,DAR,"","",. . . . Направление DG&DQ,"","","",""
3443,"",Да,"","","","11.01.2024 15:26:21",Тестировщик,DAR,"","",. . . . . Тестирование DWH / QA: Центр компетенций,"","","",""
3445,"",Да,"","","","03.11.2023 13:43:22",Аналитик,DAR,"","",. . . . KeepRise,"","","",""
3451,"",Нет,"","","","20.08.2021 15:54:31",Младший разработчик,DAR,"","",. . . . . . Microsoft: Центр компетенций,"","","",""
3457,"",Да,"","","","15.12.2023 18:44:02",Разработчик,DAR,"","",. . . . . . Microsoft: Центр компетенций,"","","",""
3460,"",Да,"","","","11.01.2024 12:41:20",Менеджер проектов,DAR,"","",. . . . . Группа Центров Компетенций 2,"","","",""
3474,"",Нет,"","","","11.05.2022 09:47:12",Старший разработчик,DAR,"","",. . . . Направление DWH&ML,"","","",""
3476,"",Нет,"","","","06.09.2021 14:21:55",Разработчик,DAR,"","",. . . . Направление DWH&ML,"","","",""
3478,"",Нет,"","","","06.07.2021 11:32:26",Бизнес-аналитик,DAR,"","",. . Департамент аналитических решений,"","","",""
3496,"",Да,"","","","23.11.2023 17:06:18",Разработчик,DAR,"","",. . . . . . Microsoft: Центр компетенций,"","","",""
3498,"",Нет,"","","","",Разработчик,"","","",. . . . . . Microsoft: Центр компетенций,"","","",""
3516,"",Нет,"","","","27.12.2023 12:36:14",Бизнес-аналитик,DAR,"","",. . . . . . Бизнес-аналитика. Общая практика,"","","",""
3540,"",Да,"","","","11.01.2024 12:50:16",Младший аналитик,DAR,"","",. . . . . . Бизнес-аналитика по работе с гос.компаниями: Центр компетенций,"","","",""
3542,"",Да,"","","","10.01.2024 19:20:17",Младший консультант,DAR,"","",. . . . Группа технической поддержки РЖД / Support,"","","",""
3554,"",Да,"","","","27.12.2023 18:02:11",Руководитель центра компетенций,DAR,"","",. . . . . . Microsoft: Центр компетенций,"","","",""
3560,"",Да,"","","","12.01.2024 10:17:21",Разработчик-эксперт,DAR,"","",. . . . . . Data Platform группа #4,"","","",""
3565,"",Да,"","","","19.12.2023 16:09:38",Младший консультант,DAR,"","",. . . . . Тестирование DWH / QA: Центр компетенций,"","","",""
3569,"",Нет,"","","","20.05.2021 12:42:31",Системный аналитик,DAR,"","",. . . . Направление BI,"","","",""
3572,"",Да,"","","","21.12.2023 09:11:11",старший системный аналитик,DAR,"","",. . . . . Системная Аналитика: Центр компетенций,"","","",""
3573,"",Нет,"","","","02.02.2023 16:17:51",Старший разработчик,DAR,"","",. . . . . . Microsoft: Центр компетенций,"","","",""
3577,"",Да,"","","","10.01.2024 15:28:16",Разработчик,DAR,"","",. . . . . . Импортозамещенные технологии BI: Центр компетенций,"","","",""
3581,"",Да,"","","","26.12.2023 10:19:03",Ведущий системный аналитик,DAR,"","",. . . . . . Бизнес-аналитика по работе с гос.компаниями: Центр компетенций,"","","",""
3595,"",Нет,"","","","16.08.2021 12:46:03",Менеджер по персоналу,DAR,"","",. . Департамент аналитических решений,"","","",""
3605,"",Да,"","","","22.12.2023 16:41:10",Инженер данных,DAR,"","",. . . . . Data Platform: Центр компетенций,"","","",""
3611,"",Да,"","","","10.01.2024 19:32:12",Старший разработчик,DAR,"","",. . . . . Data Platform: Центр компетенций / . . . . . . Data Platform группа #3,"","","",""
3613,"",Да,"","","","12.01.2024 02:28:33",Старший инженер данных,DAR,"","",. . . . . . Импортозамещенные технологии BI: Центр компетенций,"","","",""
3619,"",Да,"","","","29.12.2023 09:07:44",Старший разработчик,DAR,"","",. . . . . . Data Platform группа #2,"","","",""
3629,"",Да,"","","","09.01.2024 17:05:05",Руководитель проектов,DAR,"","",. . . . Центр компетенций по управлению проектами РЖД / PM,"","","",""
3631,"",Да,"","","","19.10.2023 13:24:25",Младший программист,DAR,"","",. . . . . . Импортозамещенные технологии BI: Центр компетенций,"","","",""
3632,"",Нет,"","","","23.09.2022 15:36:21",Разработчик,DAR,"","",. . . . . . Microsoft: Центр компетенций,"","","",""
3633,"",Нет,"","","","20.09.2021 08:59:50",Тестировщик,DAR,"","",. . . . Направление BI,"","","",""
3635,"",Нет,"","","","20.02.2023 15:28:51",Системный аналитик,DAR,"","",. . . . Направление DWH&ML,"","","",""
3639,"",Нет,"","","","10.08.2022 15:38:04",Младший программист,DAR,"","",. . . . Направление BI,"","","",""
3640,"",Да,"","","","11.01.2024 16:14:33",Аналитик,DAR,"","",. . . . . . Бизнес-аналитика по работе с гос.компаниями: Центр компетенций,"","","",""
3642,"",Да,"","","","04.12.2023 15:28:16",Эксперт-аналитик,DAR,"","",. . . . . . Бизнес-аналитика по работе с гос.компаниями: Центр компетенций,"","","",""
3649,"",Да,"","","","29.11.2023 13:49:27","","","","",. . . . Направление DWH&ML,"","","",""
3657,"",Да,"","","","10.01.2024 11:33:33",Консультант,DAR,"","",. . . . . . Qlik: Центр компетенций,"","","",""
3662,"",Нет,"","","","04.02.2022 16:13:16",Ведущий разработчик,DAR,"","",. . . . . . Microsoft: Центр компетенций,"","","",""
3665,"",Нет,"","","","08.04.2022 11:06:29",Бизнес-аналитик,DAR,"","",. . . . . . Бизнес-аналитика общей практики: Центр компетенций,"","","",""
3667,"",Нет,"","","","31.08.2021 09:08:51",Бизнес-аналитик,DAR,"","",. . . . Направление BI,"","","",""
3670,"",Нет,"","","","16.03.2023 14:05:58",Тестировщик,DAR,"","",. . . . . Тестирование DWH / QA: Центр компетенций,"","","",""
3676,"",Нет,"","","","22.05.2023 10:03:01",Аналитик,DAR,"","",. . . . Направление DWH&ML,"","","",""
3681,"",Нет,"","","","28.09.2023 10:44:16",Разработчик,DAR,"","",. . . . . . Microsoft: Центр компетенций,"","","",""
3683,"",Нет,"","","","06.06.2022 12:33:33",Младший системный аналитик,DAR,"","",. . . . Направление DWH&ML,"","","",""
3686,"",Нет,"","","","22.09.2022 14:37:17",Бизнес-аналитик,DAR,"","",. . . . . . Бизнес-аналитика общей практики: Центр компетенций,"","","",""
3688,"",Нет,"","","","15.09.2021 13:46:29",Консультант,DAR,"","",. . . . . . Qlik: Центр компетенций,"","","",""
3691,"",Да,"","","","18.12.2023 12:45:54",Инженер данных,DAR,"","",. . . . . . Импортозамещенные технологии BI: Центр компетенций,"","","",""
3692,"",Нет,"","","","15.09.2022 12:41:21",Архитектор,DAR,"","",. . . . Направление DWH&ML,"","","",""
3695,"",Да,"","","","11.01.2024 11:26:19",Младший бизнес-аналитик,DAR,"","",. . . . Направление DG&DQ,"","","",""
3697,"",Да,"","","","11.01.2024 10:29:21",Младший консультант,DAR,"","",. . . . Группа технической поддержки РЖД / Support,"","","",""
3703,"",Да,"","","","11.01.2024 15:57:57",Юрисконсульт,DAR,"","",. . . Административно-финансовая служба,"","","",""
3706,"",Нет,"","","","14.03.2022 18:10:36",Младший тестировщик,DAR,"","",. . . . . Тестирование DWH / QA: Центр компетенций,"","","",""
3709,"",Да,"","","","23.11.2023 10:29:47",Младший консультант,DAR,"","",. . . . . . Qlik: Центр компетенций,"","","",""
3710,"",Нет,"","","","26.06.2023 14:28:50",Системный аналитик,DAR,"","",. . . . Направление BI,"","","",""
3713,"",Да,"","","","27.12.2023 11:53:45",Бизнес-аналитик,DAR,"","",. . . . . . Бизнес-аналитика по работе с гос.компаниями: Центр компетенций,"","","",""
3715,"",Да,"","","","12.01.2024 09:37:57",Бизнес-аналитик,DAR,"","",. . . . . . Бизнес-аналитика по работе с гос.компаниями: Центр компетенций,"","","",""
3716,"",Нет,"","","","29.08.2022 11:40:13",Координатор проектов,DAR,"","",. . . . Направление BI,"","","",""
3728,"",Да,"","","","27.12.2023 10:19:20",Ведущий разработчик,DAR,"","",. . . . . Data Platform: Центр компетенций / . . . . . . Data Platform группа #2,"","","",""
3729,"",Нет,"","","","09.02.2023 19:10:04",Аналитик,DAR,"","",. . . . . . Бизнес-аналитика по работе с гос.компаниями: Центр компетенций,"","","",""
3731,"",Да,"","","","11.01.2024 09:50:09",Старший разработчик,DAR,"","",. . . . . . Data Platform группа #2,"","","",""
3734,"",Да,"","","","09.01.2024 08:56:59",Старший бизнес-аналитик,DAR,"","",. . . . . . Бизнес-аналитика по работе с гос.компаниями: Центр компетенций,"","","",""
3737,"",Нет,"","","","07.12.2021 16:53:50",Бизнес-аналитик,DAR,"","",. . . . Направление BI,"","","",""
3738,"",Да,"","","","09.01.2024 10:23:40",Ведущий разработчик,DAR,"","",. . . . . Data Platform: Центр компетенций,"","","",""
3748,"",Нет,"","","","30.03.2023 17:56:56",Младший системный аналитик,DAR,"","",. . . . Направление BI,"","","",""
3751,"",Да,"","","","09.01.2024 09:32:37",Бизнес-аналитик,DAR,"","",. . . . . . Бизнес-аналитика по работе с гос.компаниями: Центр компетенций,"","","",""
3756,"",Нет,"","","","07.04.2022 12:59:24",Руководитель проектов,DAR,"","",. . . . Направление BI,"","","",""
3762,"",Да,"","","","27.12.2023 12:24:31",Младший системный аналитик,DAR,"","",. . . . . . Бизнес-аналитика. Общая практика,"","","",""
3769,"",Нет,"","","","02.06.2022 10:09:12",Системный аналитик,DAR,"","",. . . . Направление DWH&ML,"","","",""
3774,"",Да,"","","","12.01.2024 09:20:22",Бизнес-аналитик,DAR,"","",. . . . . . Бизнес-аналитика по работе с гос.компаниями: Центр компетенций,"","","",""
3779,"",Да,"","","","01.11.2023 18:41:10",Разработчик,DAR,"","",. . . . . . Data Platform группа #3,"","","",""
3782,"",Нет,"","","","03.11.2023 14:51:31",Системный аналитик,DAR,"","",. . . . . . Группа СА РЖД,"","","",""
3790,"",Да,"","","","28.12.2023 13:35:38",Старший консультант-разработчик,DAR,"","",. . . . . . Qlik: Центр компетенций,"","","",""
3799,"",Да,"","","","10.01.2024 14:43:10",Разработчик,DAR,"","",. . . . . . Data Platform группа #2,"","","",""
3800,"",Да,"","","","09.01.2024 08:54:30",Разработчик,DAR,"","",. . . . . Data Platform: Центр компетенций,"","","",""
3811,"",Да,"","","","11.01.2024 09:58:31",Руководитель проектов,DAR,"","",. . . . Центр компетенций по управлению проектами РЖД / PM,"","","",""
3815,"",Нет,"","","","26.11.2021 15:36:21",Системный аналитик,DAR,"","",. . . . Направление DWH&ML,"","","",""
3817,"",Да,"","","","29.12.2023 13:59:36",Разработчик,DAR,"","",. . . . . . Microsoft: Центр компетенций,"","","",""
3822,"",Да,"","","","03.11.2023 14:53:57",Консультант,DAR,"","",. . . . . . Qlik: Центр компетенций,"","","",""
3824,"",Да,"","","","11.01.2024 16:43:20",Менеджер по работе с договорами,DAR,"","",. . . . . Группа управления проектами,"","","",""
3826,"",Да,"","","","11.01.2024 09:25:16",Разработчик,DAR,"","",. . . . . Data Platform: Центр компетенций,"","","",""
3827,"",Да,"","","","10.01.2024 14:40:49",Старший бизнес-аналитик,DAR,"","",. . . . . . Бизнес-аналитика по работе с гос.компаниями: Центр компетенций,"","","",""
3832,"",Да,"","","","29.12.2023 15:27:38",Консультант,DAR,"","",. . . . . . Qlik: Центр компетенций,"","","",""
3833,"",Нет,"","","","24.03.2023 12:37:48",Руководитель проектов,DAR,"","",. . . . Направление DWH&ML,"","","",""
3838,"",Да,"","","","16.10.2023 10:52:38",Разработчик,DAR,"","",. . . . . . Microsoft: Центр компетенций,"","","",""
4462,"",Да,"","","","",Ведущий разработчик,"","","",. . . . A2 Consulting,"","","",""
3841,"",Да,"","","","11.01.2024 10:14:46",Системный аналитик,DAR,"","",. . . . . Системная Аналитика: Центр компетенций,"","","",""
3843,"",Да,"","","","10.01.2024 16:15:45",Системный аналитик,DAR,"","",. . . . . . Группа СА РЖД,"","","",""
3845,"",Нет,"","","","03.11.2022 16:33:40",Бизнес-аналитик,DAR,"","",. . . . . . Бизнес-аналитика по работе с гос.компаниями: Центр компетенций,"","","",""
3854,"",Да,"","","","12.01.2024 09:16:58",Бизнес-аналитик,DAR,"","",. . . . . . Бизнес-аналитика. Общая практика,"","","",""
3860,"",Да,"","","","27.12.2023 10:50:55",Младший консультант,DAR,"","",. . . . . . Qlik: Центр компетенций,"","","",""
3876,"",Да,"","","","26.11.2023 23:42:41",Аналитик технической поддержки,DAR,"","",. . . . Группа технической поддержки РЖД / Support,"","","",""
3877,"",Да,"","","","11.12.2023 17:42:54",Системный аналитик,DAR,"","",. . . . . . Группа СА РЖД,"","","",""
3909,"",Да,"","","","11.01.2024 10:53:24",Старший руководитель проектов,DAR,"","",. . . . . Группа Центров Компетенций 2,"","","",""
3916,"",Да,"","","","11.01.2024 12:56:57",Бизнес-аналитик,DAR,"","",. . . . . . Бизнес-аналитика по работе с гос.компаниями: Центр компетенций,"","","",""
3921,"",Да,"","","","11.01.2024 11:43:56",Ассистент,DAR,"","",. . . Административно-финансовая служба,"","","",""
3933,"",Нет,"","","","28.02.2023 11:03:20",Младший тестировщик,DAR,"","",. . . . . Тестирование DWH / QA: Центр компетенций,"","","",""
3936,"",Да,"","","","14.12.2023 16:53:19",Системный аналитик,DAR,"","",. . . . . Системная Аналитика: Центр компетенций,"","","",""
3943,"",Да,"","","","28.12.2023 11:41:22",Ведущий системный аналитик,DAR,"","",. . . . . Системная Аналитика: Центр компетенций,"","","",""
3955,"",Да,"","","","10.01.2024 19:12:55",Старший бизнес-аналитик,DAR,"","",. . . . . . Бизнес-аналитика по работе с гос.компаниями: Центр компетенций,"","","",""
3958,"",Да,"","","","27.12.2023 16:13:57",Старший инженер по тестированию,DAR,"","",. . . . . Тестирование DWH / QA: Центр компетенций,"","","",""
3964,"",Да,"","","","22.08.2023 08:25:46",Технический писатель,DAR,"","",. . . . . Группа Центров Компетенций 2,"","","",""
3967,"",Нет,"","","","07.04.2023 09:30:05",Менеджер по развитию бизнеса,DAR,"","",". . . Sales, Marketing & Business Development / SMBD","","","",""
3971,"",Да,"","","","09.01.2024 17:20:43",Эксперт,DAR,"","",. . . . . Data Platform: Центр компетенций / . . . . . . Data Platform группа #5,"","","",""
3980,"",Да,"","","","09.01.2024 13:17:54",Старший разработчик,DAR,"","",. . . . . . Импортозамещенные технологии BI: Центр компетенций,"","","",""
3984,"",Да,"","","","08.12.2023 17:46:47",Разработчик,DAR,"","",. . . . . . Импортозамещенные технологии BI: Центр компетенций,"","","",""
3986,"",Нет,"","","","05.07.2023 21:52:51",Директор по работе с клиентами,DAR,"","",". . . Sales, Marketing & Business Development / SMBD","","","",""
3991,"",Да,"","","","03.11.2023 16:35:14",Разработчик систем бизнес-аналитики,DAR,"","",. . . . . . Data Platform группа #2,"","","",""
4015,"",Да,"","","","11.01.2024 13:00:10",Разработчик,DAR,"","",. . . . . . Data Platform группа #5,"","","",""
4020,"",Нет,"","","","12.09.2022 09:32:34",Бизнес-консультант,DAR,"","",". . . Sales, Marketing & Business Development / SMBD","","","",""
4026,"",Да,"","","","07.11.2023 09:25:24",Разработчик,DAR,"","",. . . . . . Data Platform группа #1,"","","",""
4028,"",Нет,"","","","16.05.2023 14:43:13",Системный инженер,DAR,"","",. . . . . Data Platform: Центр компетенций,"","","",""
4031,"",Да,"","","","10.01.2024 18:15:19",Архитектор решений,DAR,"","",. . . . Направление DWH&ML / . . . . . Data Platform: Центр компетенций,"","","",""
4034,"",Нет,"","","","11.10.2023 21:20:46",Старший руководитель проектов,DAR,"","",. . . . Центр компетенций по управлению проектами РЖД / PM,"","","",""
4036,"",Да,"","","","11.01.2024 11:23:34",Младший разработчик,DAR,"","",. . . . . . Импортозамещенные технологии BI: Центр компетенций,"","","",""
4037,"",Да,"","","","09.01.2024 18:07:17",Разработчик,DAR,"","",. . . . . . Импортозамещенные технологии BI: Центр компетенций,"","","",""
4048,"",Да,"","","","08.01.2024 00:40:00",Руководитель группы разработки,DAR,"","",. . . . . Data Platform: Центр компетенций / . . . . . . Data Platform группа #6,"","","",""
4049,"",Да,"","","","27.12.2023 09:59:21",Системный аналитик,DAR,"","",. . . . Направление DG&DQ,"","","",""
4054,"",Да,"","","","10.01.2024 13:45:41",Старший бизнес-аналитик,DAR,"","",. . . . . . Бизнес-аналитика. Общая практика,"","","",""
4057,"",Да,"","","","27.12.2023 14:12:36",Руководитель группы разработки,DAR,"","",. . . . Направление DWH&ML,"","","",""
4063,"",Да,"","","","14.11.2023 11:30:40",Руководитель группы разработки,DAR,"","",. . . . . . Microsoft: Центр компетенций,"","","",""
4071,"",Да,"","","","10.01.2024 13:36:02",Руководитель проектов,DAR,"","",. . . . . Группа управления проектами,"","","",""
4078,"",Нет,"","","","31.07.2023 14:28:47",Младший системный аналитик,DAR,"","",. . . . Направление DWH&ML,"","","",""
4079,"",Нет,"","","","19.08.2022 10:24:22",Младший руководитель проектов,DAR,"","",. . . . Направление DWH&ML,"","","",""
4082,"",Нет,"","","","30.07.2023 15:17:00",старший системный аналитик,DAR,"","",. . . . Направление DWH&ML,"","","",""
4090,"",Нет,"","","","27.10.2022 10:47:31",Руководитель проектов,DAR,"","",. . . . Направление BI,"","","",""
4267,"",Да,"","","","11.01.2024 09:48:59",Пресейл-аналитик,DAR,"","",". . . Sales, Marketing & Business Development / SMBD","","","",""
4096,"",Да,"","","","28.12.2023 17:06:27",Старший архитектор,DAR,"","",. . . . . Data Platform: Центр компетенций / . . . . . . Data Platform группа #4,"","","",""
4098,"",Да,"","","","27.12.2023 22:14:11",Разработчик,DAR,"","",. . . . . . Data Platform группа #1,"","","",""
4104,"",Нет,"","","","07.11.2023 22:14:36",Технический писатель,DAR,"","",. . . . Направление BI,"","","",""
4109,"",Да,"","","","11.01.2024 14:57:43",Младший бизнес-аналитик,DAR,"","",. . . . . . Бизнес-аналитика по работе с гос.компаниями: Центр компетенций,"","","",""
4110,"",Нет,"","","","04.08.2023 09:41:54",Разработчик,DAR,"","",. . . . . Data Platform: Центр компетенций,"","","",""
4111,"",Нет,"","","","12.07.2023 12:11:16",Менеджер по развитию бизнеса,DAR,"","",". . . Sales, Marketing & Business Development / SMBD","","","",""
4112,"",Да,"","","","10.01.2024 21:59:16",Руководитель проектов,DAR,"","",. . . . . Группа Центров Компетенций 2,"","","",""
4113,"",Да,"","","","29.12.2023 10:48:06",Ведущий системный аналитик,DAR,"","",. . . . . Системная Аналитика: Центр компетенций,"","","",""
4116,"",Да,"","","","27.12.2023 10:02:25",Архитектор,DAR,"","",. . . . . . Импортозамещенные технологии BI: Центр компетенций,"","","",""
4117,"",Да,"","","","12.01.2024 08:20:29",Разработчик,DAR,"","",. . . . . . Data Platform группа #5,"","","",""
4139,"",Нет,"","","","28.07.2023 09:44:08",Системный аналитик,DAR,"","",. . . . Направление DWH&ML,"","","",""
4145,"",Нет,"","","","26.04.2023 16:41:07",Системный аналитик,DAR,"","",. . . . Направление DWH&ML,"","","",""
4148,"",Да,"","","","29.12.2023 13:51:04",Старший аналитик,DAR,"","",. . . . . . Бизнес-аналитика. Общая практика,"","","",""
4149,"",Да,"","","","16.10.2023 15:57:53",Руководитель проектов,DAR,"","",. . . . . Группа управления проектами,"","","",""
4150,"",Нет,"","","","27.04.2023 18:03:00",Младший разработчик,DAR,"","",. . . . Направление BI,"","","",""
4155,"",Да,"","","","10.01.2024 14:14:47",Бизнес-аналитик,DAR,"","",. . . . . . Бизнес-аналитика по работе с гос.компаниями: Центр компетенций,"","","",""
4161,"",Да,"","","","09.01.2024 17:52:31",Ведущий разработчик,DAR,"","",. . . . . . Data Platform группа #5,"","","",""
4162,"",Да,"","","","21.12.2023 07:29:45",Аналитик,DAR,"","",. . . . Группа технической поддержки РЖД / Support,"","","",""
4163,"",Нет,"","","","29.12.2022 17:43:33",Ведущий разработчик,DAR,"","",. . . . Направление DWH&ML,"","","",""
4168,"",Нет,"","","","01.06.2023 23:04:54",Бизнес-аналитик,DAR,"","",. . . . . . Бизнес-аналитика по работе с гос.компаниями: Центр компетенций,"","","",""
4176,"",Да,"","","","10.01.2024 15:27:11",Руководитель группы разработок,DAR,"","",. . . . . Data Platform: Центр компетенций / . . . . . . Data Platform группа #1,"","","",""
4177,"",Нет,"","","","17.05.2023 16:52:59",Инженер автоматизации технологических процессов,DAR,"","",. . . . . . Импортозамещенные технологии BI: Центр компетенций,"","","",""
4178,"",Да,"","","","09.11.2023 23:37:13",Разработчик,DAR,"","",. . . . . . Data Platform группа #1,"","","",""
4187,"",Да,"","","","22.12.2023 19:00:22",Бизнес-аналитик,DAR,"","",. . . . Направление DG&DQ,"","","",""
4188,"",Да,"","","","28.12.2023 17:03:01",Системный аналитик,DAR,"","",. . . . . . Группа СА РЖД,"","","",""
4198,"",Да,"","","","12.01.2024 10:45:33",Разработчик систем бизнес-аналитики,DAR,"","",. . . . . . Data Platform группа #1,"","","",""
4201,"",Нет,"","","","16.05.2023 09:37:28",Архитектор решений,DAR,"","",. . . . Направление DWH&ML,"","","",""
4210,"",Да,"","","","10.01.2024 16:52:40",Разработчик хранилищ,DAR,"","",. . . . . . Data Platform группа #1,"","","",""
4217,"",Да,"","","","26.12.2023 15:02:15",старший системный аналитик,DAR,"","",. . . . . Системная Аналитика: Центр компетенций,"","","",""
4218,"",Да,"","","","14.12.2023 13:30:58",Специалист,DAR,"","",. . . Административно-финансовая служба,"","","",""
4219,"",Да,"","","","27.12.2023 12:21:39",Старший разработчик,DAR,"","",. . . . . . Импортозамещенные технологии BI: Центр компетенций,"","","",""
4220,"",Нет,"","","","24.05.2023 09:15:45",Бизнес-аналитик,DAR,"","",. . . . Направление BI,"","","",""
4222,"",Да,"","","","26.12.2023 11:31:17",Разработчик,DAR,"","",. . . . . . Data Platform группа #4,"","","",""
4227,"",Нет,"","","","13.04.2023 21:32:06",Менеджер по развитию бизнеса,DAR,"","",. . . . SoDa,"","","",""
4228,"",Да,"","","","28.12.2023 11:23:44",Системный аналитик,DAR,"","",. . . . . Системная Аналитика: Центр компетенций,"","","",""
4240,"",Да,"","","","12.01.2024 09:28:32",Пресейл-аналитик,DAR,"","",". . . Sales, Marketing & Business Development / SMBD","","","",""
4247,"",Да,"","","","30.11.2023 15:23:08",Ведущий разработчик,"","","",. . . . A2 Consulting,"","","",""
4249,"",Да,"","","","15.12.2023 13:04:00",Cтарший менеджер,"","","",. . . . A2 Consulting,"","","",""
4250,"",Да,"","","","18.09.2023 15:32:48",Руководитель группы продаж,"","","",. . . . A2 Consulting,"","","",""
4251,"",Да,"","","","03.11.2023 15:07:34",Юрист,"","","",. . . . A2 Consulting,"","","",""
4252,"",Да,"","","","05.12.2023 12:25:27",Финансовый специалист,"","","",. . . . A2 Consulting,"","","",""
4253,"",Да,"","","","03.10.2023 15:57:34",Руководитель центра компетенций,"","","",. . . . A2 Consulting,"","","",""
4254,"",Да,"","","","09.10.2023 11:33:59",Руководитель проектов,"","","",. . . . A2 Consulting,"","","",""
4255,"",Да,"","","","17.02.2023 11:56:53",Руководитель группы разработки DWH,"","","",. . . . A2 Consulting,"","","",""
4263,"",Нет,"","","","06.03.2023 14:02:09",Директор по работе с клиентами,DAR,"","",. . . Направление СКИМ,"","","",""
4460,"",Да,"","","","",Специалист по работе с клиентами,"","","",. . . . A2 Consulting,"","","",""
4272,"",Да,"","","","11.01.2024 12:06:29",Руководитель проектов,DAR,"","",. . . . Центр компетенций по управлению проектами РЖД / PM,"","","",""
4303,"",Да,"","","","09.01.2024 11:04:54",Архитектор решений,DAR,"","",. . . . . Data Platform: Центр компетенций,"","","",""
4316,"",Да,"","","","11.01.2024 11:35:02",Руководитель проектов,DAR,"","",. . . . Центр компетенций по управлению проектами РЖД / PM,"","","",""
4322,"",Нет,"","","","17.05.2023 09:43:04",Старший инженер по тестированию,DAR,"","",. . . . . Тестирование DWH / QA: Центр компетенций,"","","",""
4342,"",Да,"","","","12.01.2024 08:05:07",Руководитель команды тестирования,DAR,"","",. . . . . Тестирование DWH / QA: Центр компетенций,"","","",""
4346,"",Да,"","","","05.01.2024 04:07:49",Директор по развитию бизнеса,DAR,"","",". . . Sales, Marketing & Business Development / SMBD","","","",""
4347,"",Да,"","","","10.01.2024 11:22:46",Системный аналитик,DAR,"","",. . . . . . Группа СА РЖД,"","","",""
4348,"",Да,"","","","22.12.2023 12:02:14",Административный менеджер,DAR,"","",. . . Административно-финансовая служба,"","","",""
4354,"",Нет,"","","","19.06.2023 19:20:32",Системный аналитик,DAR,"","",. . . . Направление DWH&ML,"","","",""
4356,"",Да,"","","","10.01.2024 12:38:51",Младший разработчик,DAR,"","",. . . . . . Импортозамещенные технологии BI: Центр компетенций,"","","",""
4361,"",Да,"","","","29.12.2023 11:04:08",Старший архитектор решений,DAR,"","",. . . Направление СКИМ,"","","",""
4377,"",Да,"","","","25.12.2023 16:27:47",Специалист по машинному обучению,DAR,"","",. . . . Направление DWH&ML,"","","",""
4378,"",Да,"","","","11.01.2024 13:58:10",Разработчик,DAR,"","",. . . . . . Импортозамещенные технологии BI: Центр компетенций,"","","",""
4382,"",Да,"","","","06.01.2024 15:54:42",Младший бизнес-аналитик,DAR,"","",. . . . . . Бизнес-аналитика по работе с гос.компаниями: Центр компетенций,"","","",""
4387,"",Нет,"","","","04.08.2023 10:35:40",Руководитель проектов,DAR,"","",. . . . Центр компетенций по управлению проектами РЖД / PM,"","","",""
4388,"",Да,"","","","12.12.2023 13:51:55",Инженер данных,DAR,"","",. . . . . Data Platform: Центр компетенций,"","","",""
4392,"",Да,"","","","10.01.2024 17:17:48",Руководитель команды системных аналитиков,DAR,"","",. . . . . Системная Аналитика: Центр компетенций,"","","",""
4395,"",Да,"","","","12.01.2024 09:43:24",Ведущий разработчик,DAR,"","",. . . . . Data Platform: Центр компетенций,"","","",""
4399,"",Да,"","","","09.01.2024 09:22:09",старший системный аналитик,DAR,"","",. . . . . Системная Аналитика: Центр компетенций,"","","",""
4402,"",Да,"","","","18.12.2023 22:05:30",Инженер данных,DAR,"","",. . . . . Data Platform: Центр компетенций,"","","",""
4407,"",Нет,"","","","26.07.2023 12:40:09",старший системный аналитик,DAR,"","",. . . . Направление DWH&ML,"","","",""
4409,"",Да,"","","","11.01.2024 14:05:34",Разработчик,DAR,"","",. . . . . . . Microsoft BI,"","","",""
4417,"",Да,"","","","03.01.2024 12:05:03",Технический лидер,DAR,"","",. . . . . . Импортозамещенные технологии BI: Центр компетенций,"","","",""
4426,"",Нет,"","","","19.12.2023 15:46:32",Менеджер по продажам,DAR,"","",". . . Sales, Marketing & Business Development / SMBD","","","",""
4428,"",Да,"","","","26.12.2023 08:39:18",-,"","","",. . . . Направление DG&DQ,"","","",""
4429,"",Да,"","","","03.11.2023 16:52:40",Разработчик,"","","",. . . . A2 Consulting,"","","",""
4430,"",Да,"","","","29.08.2023 09:06:10",Консультант BI,"","","",. . . . A2 Consulting,"","","",""
4431,"",Да,"","","","18.12.2023 15:34:22",Разработчик,"","","",. . . . A2 Consulting,"","","",""
4432,"",Да,"","","","",Разработчик,"","","",. . . . A2 Consulting,"","","",""
4433,"",Да,"","","","",Специалист по работе с клиентами,"","","",. . . . A2 Consulting,"","","",""
4434,"",Да,"","","","",Консультант BI,"","","",. . . . A2 Consulting,"","","",""
4435,"",Да,"","","","",Бизнес-аналитик,"","","",. . . . A2 Consulting,"","","",""
4436,"",Да,"","","","",Разработчик,"","","",. . . . A2 Consulting,"","","",""
4437,"",Да,"","","","",Разработчик,"","","",. . . . A2 Consulting,"","","",""
4438,"",Да,"","","","",Консультант BI,"","","",. . . . A2 Consulting,"","","",""
4439,"",Да,"","","","",Консультант BI,"","","",. . . . A2 Consulting,"","","",""
4440,"",Да,"","","","",Консультант BI,"","","",. . . . A2 Consulting,"","","",""
4441,"",Да,"","","","",Разработчик,"","","",. . . . A2 Consulting,"","","",""
4442,"",Да,"","","","",Системный администратор,"","","",. . . . A2 Consulting,"","","",""
4443,"",Да,"","","","",Бизнес-аналитик,"","","",. . . . A2 Consulting,"","","",""
4444,"",Да,"","","","",Разработчик,"","","",. . . . A2 Consulting,"","","",""
4445,"",Да,"","","","",Консультант BI,"","","",. . . . A2 Consulting,"","","",""
4446,"",Да,"","","","",Консультант BI,"","","",. . . . A2 Consulting,"","","",""
4447,"",Да,"","","","",Разработчик,"","","",. . . . A2 Consulting,"","","",""
4448,"",Да,"","","","",Консультант BI,"","","",. . . . A2 Consulting,"","","",""
4449,"",Да,"","","","",Консультант BI,"","","",. . . . A2 Consulting,"","","",""
4450,"",Да,"","","","",Консультант BI,"","","",. . . . A2 Consulting,"","","",""
4451,"",Да,"","","","",Разработчик,"","","",. . . . A2 Consulting,"","","",""
4452,"",Да,"","","","",Консультант BI,"","","",. . . . A2 Consulting,"","","",""
4453,"",Да,"","","","",Руководитель проектов,"","","",. . . . A2 Consulting,"","","",""
4454,"",Да,"","","","",Консультант BI,"","","",. . . . A2 Consulting,"","","",""
4455,"",Да,"","","","",Разработчик,"","","",. . . . A2 Consulting,"","","",""
4456,"",Да,"","","","",Консультант BI,"","","",. . . . A2 Consulting,"","","",""
4457,"",Да,"","","","",Консультант BI,"","","",. . . . A2 Consulting,"","","",""
4458,"",Да,"","","","",Разработчик,"","","",. . . . A2 Consulting,"","","",""
4459,"",Да,"","","","",Консультант BI,"","","",. . . . A2 Consulting,"","","",""
4463,"",Да,"","","","",Консультант BI,"","","",. . . . A2 Consulting,"","","",""
4464,"",Да,"","","","",Консультант BI,"","","",. . . . A2 Consulting,"","","",""
4465,"",Да,"","","","",Бизнес-аналитик,"","","",. . . . A2 Consulting,"","","",""
4466,"",Да,"","","","",Консультант BI,"","","",. . . . A2 Consulting,"","","",""
4467,"",Да,"","","","",Разработчик,"","","",. . . . A2 Consulting,"","","",""
4468,"",Да,"","","","",Консультант BI,"","","",. . . . A2 Consulting,"","","",""
4469,"",Да,"","","","",Консультант BI,"","","",. . . . A2 Consulting,"","","",""
4470,"",Да,"","","","",Разработчик,"","","",. . . . A2 Consulting,"","","",""
4471,"",Да,"","","","",Разработчик,"","","",. . . . A2 Consulting,"","","",""
4474,"",Да,"","","","",Руководитель центра компетенций,DAR,"","",. . . . . Системная Аналитика: Центр компетенций,"","","",""
4476,"",Да,"","","","",Разработчик,"","","",. . . . A2 Consulting,"","","",""
4477,"",Да,"","","","",Консультант BI,"","","",. . . . A2 Consulting,"","","",""
4478,"",Нет,"","","","",Системный аналитик,DAR,"","",. . . . . Системная Аналитика: Центр компетенций,"","","",""
4479,"",Да,"","","","",Сотрудник,"","","",. . . . A2 Consulting,"","","",""
4482,"",Да,"","","","",Инженер технической поддержки,DAR,"","",. . . . Группа технической поддержки РЖД / Support,"","","",""
4486,"",Да,"","","","",Старший аналитик,DAR,"","",. . . . Направление DG&DQ,"","","",""
4489,"",Да,"","","","",Инженер данных,DAR,"","",. . . . . Data Platform: Центр компетенций,"","","",""
4492,"",Да,"","","","",Бизнес-аналитик,DAR,"","",. . . . . . Бизнес-аналитика по работе с гос.компаниями: Центр компетенций,"","","",""
4493,"",Да,"","","","",Младший аналитик,DAR,"","",. . . . . . Бизнес-аналитика по работе с гос.компаниями: Центр компетенций,"","","",""
4494,"",Да,"","","","",-,"","","",. . . . . . Data Platform группа #1,"","","",""
4496,"",Нет,"","","","",Системный аналитик,DAR,"","",. . . . . Системная Аналитика: Центр компетенций,"","","",""
4498,"",Нет,"","","","",Менеджер по продажам,DAR,"","",". . . Sales, Marketing & Business Development / SMBD","","","",""
4500,"",Да,"","","","",Младший разработчик,DAR,"","",. . . . . . Data Platform группа #3,"","","",""
4502,"",Да,"","","","",Младший разработчик,DAR,"","",. . . . . . Data Platform группа #1,"","","",""
4503,"",Да,"","","","",Младший системный аналитик,DAR,"","",. . . . Направление DG&DQ,"","","",""
4504,"",Да,"","","","",Младший разработчик,DAR,"","",. . . . . . Data Platform группа #3,"","","",""
4506,"",Да,"","","","",Младший разработчик,DAR,"","",. . . . . . Импортозамещенные технологии BI: Центр компетенций,"","","",""
4507,"",Да,"","","","",Младший разработчик,DAR,"","",. . . . . . Data Platform группа #1,"","","",""
4508,"",Да,"","","","",Младший системный аналитик,DAR,"","",. . . . . . Группа СА РЖД,"","","",""
4509,"",Да,"","","","",Младший системный аналитик,DAR,"","",. . . . . Системная Аналитика: Центр компетенций,"","","",""
4510,"",Нет,"","","","",Младший системный аналитик,DAR,"","",. . . . . . Группа СА РЖД,"","","",""
4512,"",Да,"","","","",Младший разработчик,DAR,"","",. . . . . . Data Platform группа #3,"","","",""
4515,"",Да,"","","","",Руководитель группы разработки,DAR,"","",. . . . . . Data Platform группа #1,"","","",""
4516,"",Да,"","","","",Младший инженер по тестированию,DAR,"","",. . . . . Тестирование DWH / QA: Центр компетенций,"","","",""
4518,"",Да,"","","","",Менеджер по продажам,DAR,"","",". . . Sales, Marketing & Business Development / SMBD","","","",""
4524,"",Да,"","","","",Бизнес-аналитик,DAR,"","",. . . . . . Бизнес-аналитика по работе с гос.компаниями: Центр компетенций,"","","",""
4540,"",Нет,"","","","",Ведущий бизнес-аналитик,DAR,"","",. . . . . . Бизнес-аналитика общей практики: Центр компетенций,"","","",""
4547,"",Да,"","","","",Ведущий бизнес-аналитик,DAR,"","",. . . . . . Бизнес-аналитика. Общая практика,"","","",""
4549,"",Да,"","","","",Старший бизнес-аналитик,DAR,"","",. . . . . . Бизнес-аналитика по работе с гос.компаниями: Центр компетенций,"","","",""
4563,"",Да,"","","","",Аналитик технической поддержки,DAR,"","",. . . . Группа технической поддержки РЖД / Support,"","","",""
4570,"",Да,"","","","",Менеджер по продажам,DAR,"","",". . . Sales, Marketing & Business Development / SMBD","","","",""
4578,"",Да,"","","","",Бизнес-аналитик,DAR,"","",. . . . . . Бизнес-аналитика. Общая практика,"","","",""
4582,"",Да,"","","","",Менеджер проектного офиса,DAR,"","",. . . . Центр компетенций по управлению проектами РЖД / PM,"","","",""
4583,"",Да,"","","","",Младший инженер по тестированию,DAR,"","",. . . . Направление DWH&ML,"","","",""
4591,"",Да,"","","","",Директор по работе с клиентами,DAR,"","",". . . Sales, Marketing & Business Development / SMBD","","","",""
4594,"",Да,"","","","",Системный аналитик,DAR,"","",. . . . . Системная Аналитика: Центр компетенций,"","","",""
4623,"",Нет,"","","","",Директор по работе с клиентами,DAR,"","",". . . Sales, Marketing & Business Development / SMBD","","","",""
4626,"",Да,"","","","",Администратор проектов,DAR,"","",. . . . Центр компетенций по управлению проектами РЖД / PM,"","","",""
4627,"",Нет,"","","","",Архитектор,DAR,"","",. . . . . . Импортозамещенные технологии BI: Центр компетенций,"","","",""
4630,"",Да,"","","","",Бизнес-аналитик,DAR,"","",. . . . . . Бизнес-аналитика. Общая практика,"","","",""
4631,"",Да,"","","","",Руководитель проектов,DAR,"","",. . . . Центр компетенций по управлению проектами РЖД / PM,"","","",""
4633,"",Да,"","","","",Операционный руководитель направления,DAR,"","",. . . . . Группа Центров Компетенций 2 / . . . . Направление BI,"","","",""
4635,"",Да,"","","","",Сотрудник,"","","",. . . . A2 Consulting,"","","",""
4637,"",Нет,"","","","",Младший системный аналитик,DAR,"","",. . . . Направление DWH&ML,"","","",""
4642,"",Да,"","","","",Аналитик,DAR,"","",. . . . . . Бизнес-аналитика. Общая практика,"","","",""
4646,"",Да,"","","","",Инженер по тестированию,DAR,"","",. . . . Направление DWH&ML,"","","",""
4647,"",Да,"","","","",Младший специалист по работе с персоналом,DAR,"","",. . . Группа управления персоналом,"","","",""
4649,"",Да,"","","","",Менеджер по развитию бизнеса,DAR,"","",". . . Sales, Marketing & Business Development / SMBD","","","",""
4653,"",Да,"","","","",Менеджер по развитию бизнеса,DAR,"","",". . . Sales, Marketing & Business Development / SMBD","","","",""
4658,"",Да,"","","","",Младший системный аналитик,DAR,"","",. . . . Направление DWH&ML,"","","",""
4662,"",Да,"","","","",Консультант,DAR,"","",. . . . . . Импортозамещенные технологии BI: Центр компетенций,"","","",""
4663,"",Да,"","","","",Разработчик,DAR,"","",. . . . . . Импортозамещенные технологии BI: Центр компетенций,"","","",""
4664,"",Да,"","","","",Младший разработчик,DAR,"","",. . . . . . Data Platform группа #1,"","","",""
4665,"",Да,"","","","",старший системный аналитик,DAR,"","",. . . . . . Бизнес-аналитика. Общая практика,"","","",""
4666,"",Да,"","","","",Младший системный аналитик,DAR,"","",. . . . . Системная Аналитика: Центр компетенций,"","","",""
4672,"",Да,"","","","",Руководитель проектов,"","","",. . . . . Группа управления проектами,"","","",""
4673,"",Да,"","","","",Руководитель портфеля проектов,"","","",. . . . . Группа управления проектами,"","","",""
